card_id,vaga,unidade,departamento,jornada,horario,tipo_recrutamento,motivo,substituido,regime_trabalho,salario_ofertado,modalidade,fase_atual,data_solicitacao,criado_em,concluido_em,responsavel_triagem,responsavel_selecao,dias_preenchimento,status_vaga
1286011152,estagiário de pedagogia,Cordeiro,Estágio,Segunda a Sexta,7h às 12h ,Interno,Substituição,troca de apoio pedagógico para estagiária,,600.0,Presencial,NOVA SOLICITAÇÃO DE VG,2026-01-22,2026-01-22 19:46,,Emilly  Barbosa ,,,Em andamento
1290450434,Orientador(a) disciplinar ,Boa Viagem,Pedagógico,Segunda a Sexta,06:45 às 16:45,Externo,Substituição,Maria de Fatima Oliveira ,,0.0,Presencial,NOVA SOLICITAÇÃO DE VG,2026-01-29,2026-01-29 16:51,,Emilly  Barbosa ,,,Em andamento
1291716783,Professor de Matemática  ,Boa Viagem,Pedagógico,Outros ( descrever no descritivo do horário),"PROFESSOR DE MATEMÁTICA 

SÃO 12 aulas, distribuídas em:

Segunda: 07h15 às 11h55
Terça: 07h15 às 11h55
Quarta: 09h25 às 11h55",Externo,Substituição,Alba Valéria (turno da manhã) ,CLT,0.0,Presencial,NOVA SOLICITAÇÃO DE VG,2026-02-02,2026-02-02 11:34,,Emilly  Barbosa ,,,Em andamento
1292159620,Estagiária Psicologia ,Teen 1,Psicologia,Segunda a Sexta,7h as 13h,Externo,Substituição,Bruna Rafa,Estágio,0.01,Presencial,NOVA SOLICITAÇÃO DE VG,2026-02-02,2026-02-02 20:35,,Emilly  Barbosa ,,,Em andamento
1292802785,Auxiliar de sala ,Kids,Pedagógico,Segunda a Sexta,7h às 17h,Interno,Aumento no quadro de funcionários,,CLT,1600.0,Presencial,NOVA SOLICITAÇÃO DE VG,2026-02-03,2026-02-03 22:36,,Emilly  Barbosa ,,,Em andamento
1292615142,ESTAGIÁRIA,Boa Viagem,Pedagógico,Segunda a Sexta,12h ás 18h ou 12:30h ás 18:30h,Interno,Aumento no quadro de funcionários,,,700.0,Presencial,NOVA SOLICITAÇÃO DE VG,2026-03-02,2026-02-03 18:23,,leticiae.silva,,,Em andamento
1292618520,ESTAGIÁRIA,Boa Viagem,Pedagógico,Segunda a Sexta,07h ás 13h ,Interno,Aumento no quadro de funcionários,,,600.0,Presencial,NOVA SOLICITAÇÃO DE VG,2026-03-02,2026-02-03 18:29,,,,,Em andamento
1292614488,ESTAGIÁRIA,Boa Viagem,Pedagógico,Segunda a Sexta,12h ás 18h ou 12:30h ás 18:30h,Interno,Aumento no quadro de funcionários,,,700.0,Presencial,NOVA SOLICITAÇÃO DE VG,2026-03-02,2026-02-03 18:22,,leticiae.silva,,,Em andamento
1293170423,Estágio de Pedagogia,Boa Viagem,Pedagógico,Segunda a Sexta,07:00 ÂS 13:00,Externo,Substituição,Apoio pedagógico Estefane ,Estágio,600.0,Presencial,NOVA SOLICITAÇÃO DE VG,2026-02-04,2026-02-04 15:52,,leticiae.silva,,,Em andamento
1293173455,Estágio de Pedagogia,Boa Viagem,Pedagógico,Segunda a Sexta,07:00 ÂS 13:00,Externo,Aumento no quadro de funcionários,,Estágio,600.0,Presencial,NOVA SOLICITAÇÃO DE VG,2026-02-04,2026-02-04 15:56,,,,,Em andamento
1293173742,Estágio de Pedagogia,Boa Viagem,Pedagógico,Segunda a Sexta,07:00 ÂS 13:00,Externo,Aumento no quadro de funcionários,,Estágio,600.0,Presencial,NOVA SOLICITAÇÃO DE VG,2026-02-04,2026-02-04 15:56,,leticiae.silva,,,Em andamento
1293175626,Estágio de Pedagogia,Boa Viagem,Pedagógico,Segunda a Sexta,07:00 ÂS 13:00,Externo,Substituição,Apoio pedagógico Estefane ,Estágio,600.0,Presencial,NOVA SOLICITAÇÃO DE VG,2026-02-04,2026-02-04 16:00,,,,,Em andamento
1293678754,Estágio ,Kids,Pedagógico,Segunda a Sexta,12h às 18h,Interno,Aumento no quadro de funcionários,,,0.0,Presencial,NOVA SOLICITAÇÃO DE VG,2026-02-05,2026-02-05 14:08,,,,,Em andamento
1293690864,Estágio ,Kids,Pedagógico,Segunda a Sexta,12h às 18h,Interno,Aumento no quadro de funcionários,,,0.0,Presencial,NOVA SOLICITAÇÃO DE VG,2026-02-05,2026-02-05 14:21,,,,,Em andamento
1295453097,Estágio ,Cordeiro,Pedagógico,Segunda a Sexta,12h às 18h,Interno,Substituição,,,80.0,Presencial,NOVA SOLICITAÇÃO DE VG,,2026-02-09 20:45,,,,,Em andamento
1284910037,Recepção ,Cordeiro,Administrativo,Segunda a Sexta,7h30 às 17h30,Interno,Substituição,Liliana ,CLT,1600.0,Presencial,2ª ETAPA - AVALIAÇÃO DO GESTOR / VIVÊNCIA,,2026-01-21 10:39,,,,,Em andamento
1288220483,Acompanhante Terapêutico,Boa Viagem,Psicologia,Segunda a Sexta,"A combinar.
",Externo,Aumento no quadro de funcionários,,PJ,0.01,,2ª ETAPA - AVALIAÇÃO DO GESTOR / VIVÊNCIA,2026-01-26,2026-01-26 17:06,,leticiae.silva,,,Em andamento
1286010684,estagiário de pedagogia,Cordeiro,Estágio,Segunda a Sexta,7h às 12h ,Interno,Substituição,troca de apoio pedagógico para estagiária,,700.0,Presencial,PROC. ADMISSIONAL - DOC,2026-01-22,2026-01-22 19:46,,Emilly  Barbosa ,,,Em andamento
1288634020,Auxiliar de sala,Kids,Pedagógico,Segunda a Sexta,07h às 17h (almoço 12h às 13h),Interno,Aumento no quadro de funcionários,,,0.0,Presencial,Concluído (CONTRATADO),2026-01-27,2026-01-27 12:59,2026-02-10 14:59,Emilly  Barbosa ,,14.0,Contratado
1286820375,Professor de História,Teen 2,Pedagógico,Outros ( descrever no descritivo do horário),"Terça-feira 
7h15 às 10h35 (4 aulas - 3ª Série do Ensino Médio)",Externo,Substituição,Diogo Barreto ,,0.01,Presencial,Concluído (CONTRATADO),2026-01-23,2026-01-23 21:12,2026-02-10 14:59,Emilly  Barbosa ,,17.0,Contratado
1292570183,Auxiliar de sala ,Kids,Pedagógico,Segunda a Sexta,8h30 às 18h30,Interno,Aumento no quadro de funcionários,,CLT,1600.0,Presencial,Concluído (CONTRATADO),2026-02-03,2026-02-03 17:05,2026-02-10 14:59,Emilly  Barbosa ,,6.0,Contratado
1291190512,Professora Português e Redação ,Teen 1,Pedagógico,Segunda a Sexta,"Segunda 7h15 às 12h45
Terça - 7h15 às 11h55
Quarta - 7h15 às 12h45 ",Externo,Substituição,Riselda ,CLT,0.01,Presencial,Concluído (CONTRATADO),2026-01-30,2026-01-30 20:55,2026-02-10 14:59,Emilly  Barbosa ,,10.0,Contratado
1284458893,Social Media,Teen 2,Administrativo,Outros ( descrever no descritivo do horário),"Segunda a sexta, Sábados apenas quando necessário (reuniões ou eventos). ",Externo,Aumento no quadro de funcionários,,CLT,2000.0,Presencial,Concluído (CONTRATADO),2026-01-20,2026-01-20 15:16,2026-02-10 14:58,,,20.0,Contratado
1278808969,Vanessa Pedrosa,Boa Viagem,Pedagógico,Segunda a Sexta,12:00 às 18:00,Externo,Substituição,Término de contrato da estagiária Renata,Estágio,700.0,Presencial,Concluído (CONTRATADO),,2026-01-08 15:17,2026-02-03 19:23,,,26.0,Contratado
1280996795,Professora polivalente para o 5º ano,Cordeiro,Pedagógico,Segunda a Sexta,13h às 17h,Externo,Aumento no quadro de funcionários,,,0.0,Presencial,Concluído (CONTRATADO),2026-01-13,2026-01-13 13:53,2026-02-03 19:24,,,21.0,Contratado
1282937395,Auxiliar de Coordenação,Janga,Pedagógico,Segunda a Sexta,08h às 18h.,Interno,Substituição,A auxiliar atual está grávida,,1518.0,Presencial,Concluído (CONTRATADO),2026-01-16,2026-01-16 17:52,2026-02-03 19:24,,,18.0,Contratado
1275632956,Professor(a) de Redação,Teen 1,Pedagógico,Segunda a Sexta,7h15 às 12h45,Externo,Substituição,Luanda,,0.01,Presencial,Concluído (CONTRATADO),2026-01-02,2026-01-02 15:51,2026-02-03 19:24,,,32.0,Contratado
1280646306,ESTAGIÁRIO PEDAGÓGIA,Boa Viagem,Pedagógico,Segunda a Sexta,07H ÀS 13H,Externo,Substituição,FERNANDA CABRAL,,0.0,Presencial,Concluído (CONTRATADO),2026-01-12,2026-01-12 19:47,2026-02-03 19:24,,,21.0,Contratado
1278812781,Vanessa Pedrosa,Boa Viagem,Pedagógico,Segunda a Sexta,12:00 às 18:00,Externo,Substituição,Término de contrato da estagiária Rosimere,Estágio,700.0,Presencial,Concluído (CONTRATADO),,2026-01-08 15:21,2026-02-03 19:24,,,26.0,Contratado
1278811521,Vanessa Pedrosa,Boa Viagem,Pedagógico,Segunda a Sexta,12:00 às 18:00,Externo,Substituição,Término de contrato da estagiária Syonara,Estágio,700.0,Presencial,Concluído (CONTRATADO),,2026-01-08 15:19,2026-02-03 19:24,,,26.0,Contratado
1278810341,Vanessa Pedrosa,Boa Viagem,Pedagógico,Segunda a Sexta,12:00 às 18:00,Externo,Substituição,Término de contrato da estagiária Nicole,Estágio,700.0,Presencial,Concluído (CONTRATADO),,2026-01-08 15:18,2026-02-03 19:24,,,26.0,Contratado
1278809595,Vanessa Pedrosa,Boa Viagem,Pedagógico,Segunda a Sexta,12:00 às 18:00,Externo,Substituição,Término de contrato da estagiária YANKA,Estágio,700.0,Presencial,Concluído (CONTRATADO),,2026-01-08 15:17,2026-02-03 19:23,,,26.0,Contratado
1278760645,Professora de inglês ,Kids,Pedagógico,Segunda a Sexta,07h às 12h (horário de almoço) 13h às 18h,Externo,Substituição,Karla Vitória ,,0.0,Presencial,Concluído (CONTRATADO),2026-01-08,2026-01-08 14:25,2026-02-03 19:23,,,26.0,Contratado
1274882413,Professor de Matemática ,Boa Viagem,Pedagógico,Segunda a Sexta,H/a,Externo,Substituição,Victor Caldas,,30.0,Presencial,Concluído (CONTRATADO),2025-12-30,2025-12-30 14:57,2026-02-03 19:23,,,35.0,Contratado
1278324487,PROFESSOR DE FÍSICA,Boa Viagem,Pedagógico,Segunda a Sexta,14H05 ÀS 16H50 ,Externo,Substituição,ANTONIO LOPES,,0.0,Presencial,Concluído (CONTRATADO),2026-01-07,2026-01-07 18:14,2026-02-03 19:23,,,27.0,Contratado
1275002176,Estagiária ,Cordeiro,Estágio,Segunda a Sexta,12:00 às 18h,Interno,Substituição,Mariana,Estágio,0.0,Presencial,Concluído (CONTRATADO),,2025-12-30 19:47,2026-02-03 19:23,,,34.0,Contratado
1278295818,Professor(a) de Arte,Teen 2,Pedagógico,Outros ( descrever no descritivo do horário),"06 aulas (1 manhã)
Segunda ou sexta-feira",Externo,Substituição,William Maciel (solicitou redução de carga horária),,0.01,Presencial,Concluído (CONTRATADO),2026-01-07,2026-01-07 17:30,2026-02-03 19:23,,,27.0,Contratado
1275630881,Professor(a) de Matemática,Teen 2,Pedagógico,Segunda a Sexta,7h15 às 12h45,Externo,Substituição,Cícero Alison Viktor,,0.01,Presencial,Concluído (CONTRATADO),2026-01-02,2026-01-02 15:44,2026-02-03 19:23,,,32.0,Contratado
1274259062,Professora polivalente,Kids,Pedagógico,Segunda a Sexta,07h às 12h (intervalo para almoço) 13h às 18h,Externo,Substituição,Professora do 4º ano que entrará em licença maternidade ,,0.0,Presencial,Concluído (CONTRATADO),2025-12-29,2025-12-29 13:53,2026-02-03 19:23,,,36.0,Contratado
1274257529,Professora polivalente,Kids,Pedagógico,Segunda a Sexta,07h às 12h (intervalo para almoço) 13h às 18h,Externo,Substituição,Professora do 3º ano anos iniciais,,0.0,Presencial,Concluído (CONTRATADO),2025-12-29,2025-12-29 13:51,2026-02-03 19:23,,,36.0,Contratado
1274255208,Professora polivalente,Kids,Pedagógico,Segunda a Sexta,07h às 12h (horário de almoço) 13h às 18h,Externo,Substituição,Professora do 3º ano anos iniciais,,0.0,Presencial,Concluído (CONTRATADO),2025-12-29,2025-12-29 13:48,2026-02-03 19:23,,,36.0,Contratado
1269001646,Estágio de Pedagogia,Boa Viagem,Pedagógico,Segunda a Sexta,07:00 - 13:00,Externo,Substituição,Substituição da atual estagiária Luana do 3º Ano da professora Katiucia,,0.01,Presencial,Concluído (CONTRATADO),2025-12-16,2025-12-16 15:09,2026-02-03 19:23,,,49.0,Contratado
1269000147,Estágio de Pedagogia,Boa Viagem,Pedagógico,Segunda a Sexta,07:00 - 13:00,Externo,Substituição,Substituição da atual estagiária Luana do 5º Ano da professora Roberta,,0.01,Presencial,Concluído (CONTRATADO),2025-12-16,2025-12-16 15:06,2026-02-03 19:23,,,49.0,Contratado
1268999636,Estágio de Pedagogia,Boa Viagem,Pedagógico,Segunda a Sexta,07:00 - 13:00,Externo,Substituição,Substituição da atual estagiária Tamiris do 2º Ano da professora Adriana Bezerra.,,0.01,Presencial,Concluído (CONTRATADO),2025-12-16,2025-12-16 15:05,2026-02-03 19:23,,,49.0,Contratado
1268248142,Estagiária,Janga,Pedagógico,Segunda a Sexta,07 às 13h,Externo,Aumento no quadro de funcionários,,,700.0,Presencial,Concluído (CONTRATADO),2025-12-15,2025-12-15 09:59,2026-02-03 19:23,,,50.0,Contratado
1268248056,Estagiária,Janga,Pedagógico,Segunda a Sexta,tarde 12h às 18h,Externo,Substituição,Sumaya,,700.0,Presencial,Concluído (CONTRATADO),2025-12-15,2025-12-15 09:57,2026-02-03 19:22,,,50.0,Contratado
1268247979,Estagiária,Janga,Pedagógico,Segunda a Sexta,manhã de 07 às 13h,Externo,Substituição,Bianka,,700.0,Presencial,Concluído (CONTRATADO),2025-12-15,2025-12-15 09:56,2026-02-03 19:22,,,50.0,Contratado
1266932910,Estagiária,Janga,Pedagógico,Segunda a Sexta,manhã e tarde,Externo,Aumento no quadro de funcionários,,,700.0,Presencial,Concluído (CONTRATADO),2025-12-11,2025-12-11 12:33,2026-02-03 19:22,,,54.0,Contratado
1267694255,ESTÁGIO - APOIO DE SALA ,Boa Viagem,Estágio,Segunda a Sexta,13h00 às 19h00 ,Externo,Substituição,BRUNA GATTÁS ,Estágio,0.0,Presencial,Concluído (CONTRATADO),2025-12-12,2025-12-12 18:27,2026-02-03 19:22,,,53.0,Contratado
1259493473,Psicopedagoga,Boa Viagem,Pedagógico,Segunda a Sábado,13h ás 18h,Externo,Aumento no quadro de funcionários,,PJ,95.0,Presencial,Concluído (CONTRATADO),2025-11-25,2025-11-25 19:30,2026-02-03 19:22,,,69.0,Contratado
1246828408,Auxiliar de coordenação ,Teen 2,Pedagógico,Segunda a Sexta,7h as 17h,Externo,Substituição,Kaline ,CLT,0.01,Presencial,Concluído (CONTRATADO),2025-10-29,2025-10-29 14:33,2026-02-03 19:22,,,97.0,Contratado
1229144111,Estágio remunerado (Apoio Pedagógico),Cordeiro,Estágio,Segunda a Sexta,6h30 às 12h30,Externo,Substituição,Valquíria Claudino Ferreira,,0.0,Presencial,Concluído (CONTRATADO),,2025-10-06 20:27,2026-02-03 19:22,,,119.0,Contratado
1221452473,Professor de inglês ,Kids,Pedagógico,Outros ( descrever no descritivo do horário),Manhã e tarde ,Interno,Substituição,Bhiatriz ,CLT,0.01,Presencial,Concluído (CONTRATADO),2025-09-25,2025-09-25 19:15,2026-02-03 19:22,,,131.0,Contratado
1220704066,Professora de inglês ,Kids,Pedagógico,Segunda a Sexta,"Seg, ter e qui",Interno,Substituição,,CLT,0.0,Presencial,Concluído (CONTRATADO),2025-09-24,2025-09-24 17:37,2026-02-03 19:22,,,132.0,Contratado
1213400077,estagiárias,Boa Viagem,Pedagógico,Segunda a Sexta,Turno manhã,Interno,Substituição,Toda equipe de auxiliares pedagógico,,0.0,Presencial,Concluído (CONTRATADO),,2025-09-12 19:02,2026-02-03 19:22,,,144.0,Contratado
1192041584,Estagiário de pedagogia ,Boa Viagem,Pedagógico,Segunda a Sexta,"Manhã 07:00 - 13:00
",Externo,Substituição,Apoio Pedagógico Aline da Silva Inácio ,Estágio,0.0,Presencial,Concluído (CONTRATADO),2025-08-09,2025-08-09 11:52,2026-02-03 19:22,,,178.0,Contratado
1188851769,AUX. DE COORDENAÇÃO,Janga,Pedagógico,Outros ( descrever no descritivo do horário),"Seria de segunda a sexta, com alguns sábados trabalhados de acordo com a demanda do calendário. ",Interno,Aumento no quadro de funcionários,,CLT,1525.0,Presencial,Concluído (CONTRATADO),2025-08-05,2025-08-05 14:39,2026-02-03 19:22,,,182.0,Contratado
1181034090,Professora de Inglês/ Apoio Pedagógico ( turno complementar),Kids,Pedagógico,Segunda a Sexta,13:00 às 18:00,Externo,Aumento no quadro de funcionários,,,0.0,Presencial,Concluído (CONTRATADO),2025-07-22,2025-07-22 15:59,2026-02-03 19:22,,,196.0,Contratado
1229759627,Psicólogo,Boa Viagem,Psicologia,Segunda a Sábado,13h as 18h,Externo,Aumento no quadro de funcionários,,PJ,0.14,Presencial,Concluído (CONTRATADO),2025-10-07,2025-10-07 17:33,2026-02-03 19:21,,,119.0,Contratado
1275630644,Professor(a) de Matemática,Teen 2,Pedagógico,Segunda a Sexta,7h15 às 12h45,Externo,Substituição,Cícero Alison Viktor e Lucas Wanderley,,0.01,Presencial,Concluído (CONTRATADO),2026-01-02,2026-01-02 15:43,2026-02-03 19:21,,,32.0,Contratado
1275631178,Professor(a) de Projeto de Vida,Teen 2,Pedagógico,Segunda a Sexta,7h15 às 12h45,Externo,Substituição,Paulo Vieira,,0.01,Presencial,Concluído (CONTRATADO),2026-01-02,2026-01-02 15:45,2026-02-03 19:21,,,32.0,Contratado
1283999130,ADI - APOIO AO DESENVOLVIMENTO INFANTIL E LIMPEZA,Cordeiro,Manutenção/operacional,Segunda a Sexta,9h às 19h,Externo,Substituição,Rosana ,,0.0,Presencial,Concluído (CONTRATADO),2026-01-19,2026-01-19 17:03,2026-02-03 19:21,,,15.0,Contratado
1274318055,Psicóloga - Educação Infantil e Anos Iniciais,Janga,Psicologia,Segunda a Sexta,Manhã e tarde,Interno,Aumento no quadro de funcionários,,,2000.0,Presencial,Concluído (CONTRATADO),,2025-12-29 15:11,2026-02-03 19:00,,,36.0,Contratado
1259747318,PROFESSORA POLIVALENTE EDUCAÇÃO INFANTIL,Janga,Pedagógico,Segunda a Sexta,MANHÃ E TARDE,Externo,Substituição,DANIELLE DE FRANÇA,CLT,2000.0,Presencial,Concluído (CONTRATADO),2025-11-26,2025-11-26 13:27,2026-02-03 19:00,,,69.0,Contratado
1274989129,PROFESSORA POLIVALENTE EDUCAÇÃO INFANTIL,Janga,Pedagógico,Segunda a Sexta,"07h às 12h
13h às 18h",Interno,Substituição,Dayana KArla Assis,,2000.0,Presencial,Concluído (CONTRATADO),2025-12-30,2025-12-30 19:08,2026-02-03 19:00,,,34.0,Contratado
1259744608,PROFESSORA POLIVALENTE EDUCAÇÃO INFANTIL,Janga,Pedagógico,Segunda a Sexta,MANHÃ E TARDE,Externo,Substituição,GABRIELLY DIVILART E JULYANA DE CASSIA,CLT,2000.0,Presencial,Concluído (CONTRATADO),2025-11-26,2025-11-26 13:22,2026-02-03 19:00,,,69.0,Contratado
1268298560,PROFESSORA POLIVALENTE EDUCAÇÃO INFANTIL,Janga,Pedagógico,Segunda a Sexta,07h às 12h e 13h às 18h,Externo,Substituição,Dayana KArla Assis,,2000.0,Presencial,Concluído (CONTRATADO),2025-12-15,2025-12-15 12:21,2026-02-03 19:00,,,50.0,Contratado
1268248771,Estagiária,Janga,Pedagógico,Segunda a Sexta,07 às 13h,Externo,Aumento no quadro de funcionários,,,700.0,Presencial,Concluído (CONTRATADO),2025-12-15,2025-12-15 10:01,2026-02-03 19:00,,,50.0,Contratado
1268249130,Estagiária,Janga,Pedagógico,Segunda a Sexta,07h às 13h,Externo,Aumento no quadro de funcionários,,,700.0,Presencial,Concluído (CONTRATADO),2025-12-15,2025-12-15 10:03,2026-02-03 19:00,,,50.0,Contratado
1268249446,Estagiária,Janga,Pedagógico,Segunda a Sexta,12h às 13h,Externo,Aumento no quadro de funcionários,,,700.0,Presencial,Concluído (CONTRATADO),2025-12-15,2025-12-15 10:04,2026-02-03 19:00,,,50.0,Contratado
1267698907,PROFESSOR(A) DE REDAÇÃO - ANOS FINAIS E ENSINO MÉDIO,Boa Viagem,Pedagógico,Segunda a Sexta,"SEGUNDA -&gt; 07H15 ÀS 12H45 
TERÇA -&gt; 08H55 ÀS 12H45 ",Externo,Substituição,MARCIA BEZERRA,,0.0,Presencial,Concluído (CONTRATADO),2025-12-12,2025-12-12 18:31,2026-02-03 19:00,,,53.0,Contratado
1267691891,PROFESSOR(A) DE INGLÊS - ANOS FINAIS,Boa Viagem,Pedagógico,Outros ( descrever no descritivo do horário),"DISPONIBILIDADE PARA QUINTAS E SEXTAS MANHÃ E TARDE

PODE SER MAIS DE UM PROFESSOR PARA A VAGA

SERÃO 10 AULAS PELA MANHÃ 
SERÃO 8 AULAS À TARDE ",Externo,Substituição,ANTÔNIO SALES /// CARLOS JOSÉ ,CLT,0.0,Presencial,Concluído (CONTRATADO),2025-12-12,2025-12-12 18:25,2026-02-03 19:00,,,53.0,Contratado
1267692350,PROFESSOR(A) DE INGLÊS - ANOS FINAIS,Boa Viagem,Pedagógico,Outros ( descrever no descritivo do horário),"DISPONIBILIDADE PARA QUINTAS E SEXTAS MANHÃ E TARDE

PODE SER MAIS DE UM PROFESSOR PARA A VAGA

SERÃO 10 AULAS PELA MANHÃ 
SERÃO 8 AULAS À TARDE ",Externo,Substituição,ANTÔNIO SALES /// CARLOS JOSÉ ,CLT,0.0,Presencial,Concluído (CONTRATADO),2025-12-12,2025-12-12 18:25,2026-02-03 19:00,,,53.0,Contratado
1054691796,COORDENADOR PEDAGÓGICO ANOS FINAIS,,Pedagógico,,,Externo,Aumento no quadro de funcionários,,,0.0,Presencial,Concluído (CONTRATADO),2025-01-02,2025-01-02 19:12,2026-02-03 19:00,,,396.0,Contratado
1252625419,Estagiária ,Boa Viagem,Pedagógico,Segunda a Sexta,12:00h às 18:00h,Externo,Aumento no quadro de funcionários,,,600.0,Presencial,Concluído (CONTRATADO),2025-11-10,2025-11-10 12:35,2026-02-03 19:00,,,85.0,Contratado
1276439071,Recepcionista,Boa Viagem,Relacionamento,Segunda a Sexta,7h ás 17h,Externo,Substituição,Natalia Melo,CLT,1621.0,Presencial,Concluído (CONTRATADO),2026-01-05,2026-01-05 17:33,2026-02-03 19:00,,,29.0,Contratado
1277177180,PROFESSOR DE MATEMÁTICA 6º e 8º ANOS ,Cordeiro,Pedagógico,Outros ( descrever no descritivo do horário),"16H/A SEMANAIS COM A OPÇÃO DE ATÉ 5 OU 6 AULAS POR DIA
(MENOR DISPONIBILIDADE 3 MANHÃS)",Externo,Substituição,Eugênio Candeias,,22.98,Presencial,Concluído (CONTRATADO),2026-01-06,2026-01-06 11:25,2026-02-03 19:00,,,28.0,Contratado
1274266413,Professora polivalente,Kids,Pedagógico,Segunda a Sexta,07h às 12h (intervalo para almoço) 13h às 18h,Externo,Substituição,Professora do infantil 3,,0.0,Presencial,Concluído (CONTRATADO),2025-12-29,2025-12-29 14:02,2026-02-03 19:00,,,36.0,Contratado
1275631945,Professor(a) de Raciocínio Lógico,Teen 1,Pedagógico,Segunda a Sexta,7h15 às 12h45,Externo,Substituição,Lucas Wanderley,,0.01,Presencial,Concluído (CONTRATADO),2026-01-02,2026-01-02 15:47,2026-02-03 19:00,,,32.0,Contratado
1280258076,PROFESSOR DE PORTUGUÊS,Boa Viagem,Pedagógico,Segunda a Sexta,QUARTA - 14H05 ÀS 16H55 (03 AULAS),Externo,Substituição,BÁRBARA,,0.0,Presencial,Concluído (CONTRATADO),2026-01-12,2026-01-12 11:33,2026-02-03 19:00,,,22.0,Contratado
1282890198,Apoio Pedagógico ,Boa Viagem,Pedagógico,Segunda a Sexta,08:30-18:30,Externo,Substituição,Fernanda Cabral,,0.0,Presencial,Concluído (CONTRATADO),2026-01-16,2026-01-16 16:14,2026-02-03 19:00,,,18.0,Contratado
1274384776,Professora Polivalente - Anos iniciais / 2º e 3º ano,Janga,Pedagógico,Segunda a Sexta,Manhã  7h ás 12h,Interno,Aumento no quadro de funcionários,,,1800.0,Presencial,Concluído (CONTRATADO),,2025-12-29 17:02,2026-02-03 19:00,,,36.0,Contratado
1284587981,Professora Polivalente ,Boa Viagem,Pedagógico,Segunda a Sexta,07:00 às 12:00,Externo,Substituição,Ramayana Sales - pediu demssão,CLT,0.01,Presencial,Concluído (CONTRATADO),2026-01-20,2026-01-20 18:33,2026-02-03 19:00,,,14.0,Contratado
1288088439,Professor de Biologia ,Janga,Pedagógico,Segunda a Sexta,Sexta-feira: das 7h15 às 12h45 ,Interno,Aumento no quadro de funcionários,,,26.0,Presencial,Concluído (CONTRATADO),2026-01-26,2026-01-26 14:00,2026-02-03 19:00,,,8.0,Contratado
1288099087,Coordenação de Disciplina ,Janga,Pedagógico,Segunda a Sábado,Das 7h às 13h e das 14h15 às 18h ,Interno,Aumento no quadro de funcionários,,,2000.0,Presencial,Concluído (CONTRATADO),2026-01-26,2026-01-26 14:15,2026-02-03 19:00,,,8.0,Contratado
1288628373,Serviços gerais,Kids,Manutenção/operacional,Segunda a Sexta,09h às 19h (almoço de 14h às 15h),Interno,Substituição,Lindinalva (foi ser monitora da condução),,0.0,Presencial,Concluído (CONTRATADO),2026-01-27,2026-01-27 12:53,2026-02-03 18:59,,,7.0,Contratado
1286717081,ESTAGIÁRIA,Boa Viagem,Pedagógico,Segunda a Sexta,6 horas pela manhã ou 6 horas pela tarde.,Interno,Aumento no quadro de funcionários,,,600.0,Presencial,Concluído (CONTRATADO),2026-01-23,2026-01-23 19:00,2026-01-27 20:08,,,4.0,Contratado
1286716311,ESTAGIÁRIA,Boa Viagem,Pedagógico,Segunda a Sexta,6 horas pela manhã ou 6 horas pela tarde.,Interno,Aumento no quadro de funcionários,,,600.0,Presencial,Concluído (CONTRATADO),2026-01-23,2026-01-23 19:00,2026-01-27 20:02,,,4.0,Contratado
1286698526,ESTAGIÁRIA,Boa Viagem,Pedagógico,Segunda a Sexta,6 horas pela manhã ou 6 horas pela tarde.,Interno,Aumento no quadro de funcionários,,,600.0,Presencial,Concluído (CONTRATADO),2026-01-23,2026-01-23 18:41,2026-01-27 20:01,,,4.0,Contratado
1282890791,Professor de matemática ,Boa Viagem,Pedagógico,Segunda a Sexta,Manhã ,Externo,Substituição,"Prof Alisson, Profa Natalia",,0.0,Presencial,Concluído (CONTRATADO),2026-01-16,2026-01-16 16:15,2026-01-27 17:55,,,11.0,Contratado
1285985713,Professor filosofia ,Teen 1,Pedagógico,Segunda a Sexta,Quarta-feira de 11h às 12h45 ,Externo,Substituição,Anilton Santos,CLT,0.01,Presencial,Concluído (CONTRATADO),2026-01-22,2026-01-22 19:25,2026-01-27 17:52,,,4.0,Contratado
1281614498,Professor de Química ,Boa Viagem,Pedagógico,Segunda a Sexta,Quarta (14:05 às 15:45),Externo,Substituição,Professor Ed Carrazoni,,0.0,Presencial,Concluído (CONTRATADO),2026-01-14,2026-01-14 12:24,2026-01-23 12:02,,,8.0,Contratado
1260992954,Auxiliar de sala,Kids,Pedagógico,Segunda a Sexta,7h às 17h,Interno,Substituição,Luana Gomes,CLT,0.0,Presencial,Concluído (CONTRATADO),2025-11-28,2025-11-28 17:38,2025-12-30 11:51,,,31.0,Contratado
1268895015,Social Media ,Teen 2,Administrativo,Segunda a Sexta,07 às 18h ,Externo,Aumento no quadro de funcionários,,,2000.0,Presencial,Concluído (CONTRATADO),2025-12-16,2025-12-16 12:50,2025-12-30 11:51,,,13.0,Contratado
1129670736,Auxiliar de coordenação ,Teen 1,Pedagógico,Segunda a Sexta,Manhã e tarde ,Externo,Aumento no quadro de funcionários,,,0.0,Presencial,Concluído (CONTRATADO),2025-04-24,2025-04-25 14:14,2025-12-30 11:50,,,248.0,Contratado
1265786105,Social Media,Teen 2,Administrativo,Outros ( descrever no descritivo do horário),"Segunda a Quinta 07 às 17h
Sexta 07 às 16h
1h de intervalo
Sábados e domingos apenas quando necessário cobertura de eventos. ",Interno,Substituição,Mariana - Solicitou desligamento,CLT,2000.0,Presencial,Concluído (CONTRATADO),,2025-12-09 11:23,2025-12-30 11:50,,,21.0,Contratado
1268661865,Social Media,Teen 2,Administrativo,Outros ( descrever no descritivo do horário),Segunda a Quinta 07 às 17h Sexta 07 às 16h 1h de intervalo Sábados e domingos apenas quando necessário cobertura de,Interno,Substituição,Alexandra,,2000.0,Presencial,Concluído (CONTRATADO),2025-12-15,2025-12-15 19:35,2025-12-29 11:34,,,13.0,Contratado
1155479946,Auxiliar de Serviços Gerais,Janga,Manutenção/operacional,Segunda a Sábado,"08:30 às 18:30 segunda á sexta
08:00 às 12:00 sábado
2 horas de intervalor",Interno,Substituição,,CLT,1526.0,Presencial,Concluído (CONTRATADO),,2025-06-05 11:48,2025-11-29 23:05,,,177.0,Contratado
1250975695,Social Media,Teen 2,Manutenção/operacional,Segunda a Sábado,"Segunda a sexta, sábados quando tiver necessidade de cobertura de eventos. ",Externo,Substituição,Rebeca,CLT,2000.0,Presencial,Concluído (CONTRATADO),2025-11-06,2025-11-06 14:47,2025-11-29 23:05,,,23.0,Contratado
1256093252,Limpeza - reposição de Ana Paula,Boa Viagem,Administrativo,Segunda a Sábado,9h às 19h,Externo,Substituição,Ana Paula ,,0.0,Presencial,Concluído (CONTRATADO),2025-11-18,2025-11-18 11:15,2025-11-29 23:05,,,11.0,Contratado
1249167386,Comercial,Boa Viagem,Relacionamento,Segunda a Sábado,"Segunda à sexta: 8h00 às 18h00

Sábado: 8h00 às 12h00 (durante a campanha de matrícula, em regime de escala)",Interno,Substituição,Cassandra Alves,CLT,1518.0,Presencial,Concluído (CONTRATADO),2025-11-03,2025-11-03 20:32,2025-11-14 18:40,,,10.0,Contratado
1228279529,Estágio,Cordeiro,Pedagógico,Segunda a Sexta,12 às 18h,Interno,Substituição,"Sabrina, Marcela e Miriam",Contrato,700.0,Presencial,Concluído (CONTRATADO),2025-10-05,2025-10-05 21:21,2025-11-05 10:54,,,30.0,Contratado
1182087619,Professor de Socioemocioal,Boa Viagem,Pedagógico,Outros ( descrever no descritivo do horário),1 aula : quarta (16:55 às 17:45),Externo,Substituição,Professora Albania,,0.0,Presencial,Concluído (CONTRATADO),2025-07-23,2025-07-23 19:27,2025-11-03 19:05,,,102.0,Contratado
1229103721,Social media,Teen 2,Administrativo,Outros ( descrever no descritivo do horário),Segunda a sexta (sábado apenas quando tivermos eventos),,Aumento no quadro de funcionários,,CLT,2000.0,Presencial,Concluído (CONTRATADO),2025-10-06,2025-10-06 19:50,2025-11-03 19:05,,,27.0,Contratado
1234960243,estagiário de pedagogia ou psicologia,Cordeiro,Pedagógico,Segunda a Sexta,7h às 12h,Externo,Aumento no quadro de funcionários,,,700.0,Presencial,Concluído (CONTRATADO),2025-10-14,2025-10-14 11:39,2025-10-31 20:03,,,17.0,Contratado
1239669061,Estagiaria ,Cordeiro,Pedagógico,Segunda a Sexta,7h às 13h,Externo,Substituição,A ex estagiária foi promovida a auxiliar de coordenação ,,680.0,Presencial,Concluído (CONTRATADO),,2025-10-20 13:16,2025-10-29 11:04,,,8.0,Contratado
1238442608,Estagiárias ,Boa Viagem,Pedagógico,Segunda a Sexta,12h às 18h,Interno,Substituição,"Radja Ramos, Maysa Soares, Maria Eduarda,Maria Eloisa ",Estágio,700.0,Presencial,Concluído (CONTRATADO),,2025-10-17 17:49,2025-10-27 20:21,,,10.0,Contratado
1225415644,Auxiliar de sala,Cordeiro,Pedagógico,Segunda a Sexta,08 às 18h,Interno,Substituição,Gabriela Albuquerque ,CLT,1518.0,Presencial,Concluído (CONTRATADO),2025-10-01,2025-10-01 19:47,2025-10-24 12:24,,,22.0,Contratado
1229803167,Estágio de Pedagogia,Boa Viagem,Pedagógico,Segunda a Sexta,12:00 às 18:00 com 15 minutos de intervalo.,Externo,Substituição,Stefanny Sousa,Estágio,600.0,Presencial,Concluído (CONTRATADO),,2025-10-07 18:22,2025-10-24 12:23,,,16.0,Contratado
1202285336,Fonoaudiólogo(a),Boa Viagem,Psicologia,Segunda a Sábado,"Negociável, de acordo com a demanda.",Externo,Aumento no quadro de funcionários,,,0.14,Presencial,Concluído (CONTRATADO),2025-08-26,2025-08-26 14:51,2025-10-08 11:16,,,42.0,Contratado
1214408827,ESTÁGIO EM CONTABILIDADE ,Cordeiro,Estágio,Segunda a Sexta,09h às 16h - 1 hora de almoço (totalizando 6 horas diárias). ,Externo,Aumento no quadro de funcionários,,,900.0,Presencial,Concluído (CONTRATADO),2025-09-15,2025-09-15 13:25,2025-10-08 11:05,,,22.0,Contratado
1225403165,Estágio ,Cordeiro,Estágio,Segunda a Sexta,7h às 13h,Interno,Substituição,Matheus ,,600.0,Presencial,Concluído (CONTRATADO),,2025-10-01 19:37,2025-10-07 19:19,,,5.0,Contratado
1221403762,Fisioterapeuta,Boa Viagem,Psicologia,Segunda a Sábado,Manhã e tarde,Externo,Aumento no quadro de funcionários,,,0.14,Presencial,Concluído (CONTRATADO),2025-09-25,2025-09-25 18:23,2025-10-06 11:37,,,10.0,Contratado
1221408676,Psicomotricista,Boa Viagem,Psicologia,Segunda a Sábado,Manhã e tarde,Externo,Aumento no quadro de funcionários,,,0.14,Presencial,Concluído (CONTRATADO),2025-09-25,2025-09-25 18:28,2025-10-03 11:25,,,7.0,Contratado
1204332184,Terapeuta Ocupacional,Boa Viagem,Psicologia,Segunda a Sábado,De acordo com a demanda.,Externo,Aumento no quadro de funcionários,,,0.14,Presencial,Concluído (CONTRATADO),2025-08-29,2025-08-29 12:28,2025-10-03 11:25,,,34.0,Contratado
1214640553,MAtemática,Janga,Pedagógico,Outros ( descrever no descritivo do horário),Duas manhãs ( Quinta-feira 4 aulas / 1 janela/ Sexta-feira 6 aulas),Interno,Substituição,Dyego Negromonte,,22.0,Presencial,Concluído (CONTRATADO),2025-09-15,2025-09-15 17:27,2025-10-03 11:25,,,17.0,Contratado
1202565089,Estagiário,Boa Viagem,Pedagógico,Segunda a Sexta,13:00 às 18:00,Externo,Substituição,A colaboradora Vitória Andrade,Estágio,600.0,Presencial,Concluído (CONTRATADO),,2025-08-26 20:57,2025-09-29 18:08,,,33.0,Contratado
1202545359,Estagiário,Boa Viagem,Pedagógico,Segunda a Sexta,13:00 às 18:00,Externo,Substituição,A colaboradora Aline Inácio ,Estágio,600.0,Presencial,Concluído (CONTRATADO),,2025-08-26 20:28,2025-09-29 18:06,,,33.0,Contratado
1202546235,Estagiário,Boa Viagem,Pedagógico,Segunda a Sexta,07:00 às 13:00,Externo,Substituição,A colaboradora Aline Inácio ,Estágio,600.0,Presencial,Concluído (CONTRATADO),,2025-08-26 20:29,2025-09-29 18:03,,,33.0,Contratado
1210301191,Aplicador ABA,Boa Viagem,Psicologia,Segunda a Sábado,08 ás 18h,Externo,Aumento no quadro de funcionários,,,0.14,Presencial,Concluído (CONTRATADO),2025-09-08,2025-09-08 15:22,2025-09-23 18:56,,,15.0,Contratado
1210159567,Estágio em Pedagogia,Cordeiro,Estágio,Segunda a Sexta,7h às 13h,Externo,Substituição,João Iraquitan,,600.0,Presencial,Concluído (CONTRATADO),,2025-09-08 12:42,2025-09-29 10:59,,,20.0,Contratado
1202290141,Psicopedagogo(a),Boa Viagem,Psicologia,Segunda a Sábado,"Negociável, de acordo com a demanda.",Externo,Aumento no quadro de funcionários,,,0.14,Presencial,Concluído (CONTRATADO),2025-08-26,2025-08-26 14:56,2025-09-23 18:56,,,28.0,Contratado
1202283463,Psicólogo (a),Boa Viagem,Psicologia,Segunda a Sábado,"Negociável, de acordo com a demanda.",Externo,Aumento no quadro de funcionários,,,0.14,Presencial,Concluído (CONTRATADO),2025-08-26,2025-08-26 14:49,2025-09-23 18:56,,,28.0,Contratado
1210303889,Psicólogo,Boa Viagem,Psicologia,Segunda a Sábado,13h as 18h,Externo,Aumento no quadro de funcionários,,,0.14,Presencial,Concluído (CONTRATADO),2025-09-08,2025-09-08 15:26,2025-09-08 17:45,,,0.0,Contratado
1174074830,Auxiliar de sala,Kids,Pedagógico,Segunda a Sexta,8h às 18h,Interno,Substituição,Hosana ,CLT,0.0,Presencial,Concluído (CONTRATADO),2025-07-10,2025-07-10 15:15,2025-09-08 13:47,,,59.0,Contratado
1097517783,Auxiliar de COordenação,,Pedagógico,,,Externo,Substituição,Saiu faz um tempo e não chegou ninguém para a vaga ,,0.0,Presencial,Concluído (CONTRATADO),2025-03-18,2025-03-18 19:20,2025-09-08 13:46,,,173.0,Contratado
1159464958,Professora de Live,Teen 1,Pedagógico,Outros ( descrever no descritivo do horário),"Terça-feira 
3° e 4° aulas 
9h25 às 10h05",Externo,Aumento no quadro de funcionários,,CLT,0.0,Presencial,Concluído (CONTRATADO),2025-06-12,2025-06-12 13:57,2025-09-08 13:44,,,87.0,Contratado
1154162034,Estagiária,Cordeiro,Estágio,Segunda a Sexta,6h30 às 12h30,Externo,Substituição,Társila ,,0.0,,Concluído (CONTRATADO),2025-06-03,2025-06-03 14:36,2025-09-08 13:40,,,96.0,Contratado
1149820858,Estagiária,Janga,Pedagógico,Segunda a Sexta,12 às 18,Externo,Substituição,"Rosangela, CArol Apoio pedagogico, Julia e aumento do complementar",,0.0,Presencial,Concluído (CONTRATADO),2025-05-27,2025-05-27 12:59,2025-09-08 13:40,,,104.0,Contratado
1190528415,Apoio Pedagógico (Turno Complementar),Kids,Pedagógico,Segunda a Sexta,08:30 às 18:30,Externo,Aumento no quadro de funcionários,,,0.0,Presencial,Concluído (CONTRATADO),2025-08-07,2025-08-07 20:58,2025-09-08 13:38,,,31.0,Contratado
1196038098,Professora Polivalente,Janga,Pedagógico,Segunda a Sexta,7h às 12h / 13h às 18h,Externo,Substituição,"Lais Castro fará cirurgia (sinusite, adenoide e desvio de septo) no nariz .",Contrato,1800.0,Presencial,Concluído (CONTRATADO),2025-08-13,2025-08-15 21:22,2025-09-08 12:55,,,23.0,Contratado
1196832326,Professor de geografia - 6° ao 8° ano,Boa Viagem,Pedagógico,Segunda a Sexta,"Segunda - 07h15 às 12h45
Quarta - 07h15 às 12h45",Externo,Substituição,Gustavo Gabriel Alves,CLT,0.0,Presencial,Concluído (CONTRATADO),2025-08-18,2025-08-18 11:08,2025-08-25 12:15,,,7.0,Contratado
1187999447,Estagiária ,Cordeiro,Pedagógico,Segunda a Sexta,7h às 12h,Interno,Substituição,,,757.0,Presencial,Concluído (CONTRATADO),,2025-08-04 13:13,2025-08-20 10:50,,,15.0,Contratado
1180794581,Estagiário ,Cordeiro,Estágio,Segunda a Sexta,6h30 às 12h30 ,Interno,Substituição,Juliana Cristina ,Estágio,0.0,Presencial,Concluído (CONTRATADO),,2025-07-22 11:39,2025-08-20 10:50,,,28.0,Contratado
1189383592,Estagiário ,Teen 1,Pedagógico,Segunda a Sexta,Turno da manha,Interno,Substituição,Kamilly,,0.0,Presencial,Concluído (CONTRATADO),,2025-08-06 10:49,2025-08-20 10:50,,,14.0,Contratado
1187234122,Professor de Educação Física,Teen 2,Pedagógico,Outros ( descrever no descritivo do horário),"Segunda-feira: 7h15 às 11h05
Terça-feira: 7h 15 às 10h35
Quarta-feira: 7h15 às 10h35",Interno,Substituição,Professor Victor Alexxandre Torres,CLT,0.0,Presencial,Concluído (CONTRATADO),2025-07-30,2025-08-01 20:29,2025-08-12 15:18,,,10.0,Contratado
1178556003,Auxiliar administrativo para o setor da cobrança ,Boa Viagem,Administrativo,Segunda a Sexta,08:00 ás 18:00,Interno,Aumento no quadro de funcionários,,,1630.6,Presencial,Concluído (CONTRATADO),2025-07-18,2025-07-18 12:17,2025-08-08 12:30,,,21.0,Contratado
1186622218,Professor de educação física ,Teen 1,Pedagógico,Outros ( descrever no descritivo do horário),Segunda e quarta.,Interno,Substituição,A professora Tâmisa pediu demissão. ,,0.0,Presencial,Concluído (CONTRATADO),,2025-07-31 21:33,2025-08-12 15:18,,,11.0,Contratado
1054522837,Psicóloga.,,Psicologia,,,Externo,Substituição,Ana Cecília ,,0.0,Presencial,Concluído (CONTRATADO),2025-01-02,2025-01-02 14:19,2025-08-11 20:05,,,221.0,Contratado
1188055491,Apoio pedagógico,Janga,Pedagógico,Segunda a Sexta,08h às 18h - Almoço 11h às 12h15,Interno,Aumento no quadro de funcionários,,,0.0,Presencial,Concluído (CONTRATADO),2025-08-04,2025-08-04 14:09,2025-08-08 12:30,,,3.0,Contratado
1178213357,Estagiára,Cordeiro,Pedagógico,Segunda a Sexta,Das 6h30 às 12h30,Externo,Substituição,Tácila,,0.0,Presencial,Concluído (CONTRATADO),2025-07-17,2025-07-17 19:47,2025-08-08 12:30,,,21.0,Contratado
1155542385,Serviços Gerais ,Kids,Manutenção/operacional,Segunda a Sexta,06h30 às 16h30,Externo,Aumento no quadro de funcionários,,CLT,0.0,Presencial,Concluído (CONTRATADO),2025-06-05,2025-06-05 13:12,2025-08-08 12:29,,,63.0,Contratado
1144620529,Apoio Pedagógico,Boa Viagem,Pedagógico,Outros ( descrever no descritivo do horário),Segunda a sexta - mas com eventualidades dos sábados.,Externo,Substituição,A colaboradora Daniele Souza,CLT,1550.0,Presencial,Concluído (CONTRATADO),2025-05-19,2025-05-19 16:17,2025-08-08 12:29,,,80.0,Contratado
1189721641,Professor de Educação Física,Janga,Pedagógico,Outros ( descrever no descritivo do horário),Ele vai ser horista,Interno,Substituição,,,0.0,Presencial,Concluído (CONTRATADO),,2025-08-06 17:49,2025-08-08 12:31,,,1.0,Contratado
1148162051,Estágio Pedagogia ,Teen 1,Pedagógico,Segunda a Sexta,7h às 13h,Externo,Aumento no quadro de funcionários,,Estágio,0.0,Presencial,Concluído (CONTRATADO),2025-05-23,2025-05-23 16:33,2025-08-08 12:29,,,76.0,Contratado
1184431685,Professor de Português,Boa Viagem,Pedagógico,Outros ( descrever no descritivo do horário),"Quarta - 2 aulas de laboratório de redação (13h15 às 14h55);
2 aulas para IF (14h55 às 16h55).
",Externo,Substituição,Albânia,,0.0,Presencial,Concluído (CONTRATADO),2025-07-28,2025-07-28 14:15,2025-08-08 12:31,,,10.0,Contratado
1191035510,Auxiliar administrativo para a cobrança ,Boa Viagem,Administrativo,Segunda a Sexta,08:00 as 18:00,Interno,Aumento no quadro de funcionários,,,1630.6,Presencial,Concluído (CONTRATADO),2025-08-08,2025-08-08 10:28,2025-08-08 12:31,,,0.0,Contratado
1185695761,Professor de História ,Janga,Pedagógico,Outros ( descrever no descritivo do horário),"Segunda e Quarta 
Horários: das 7h15 às 11h55 as duas manhãs ",Interno,Substituição,não temos ainda ,CLT,24.0,Presencial,Concluído (CONTRATADO),2025-07-30,2025-07-30 12:57,2025-08-08 12:28,,,8.0,Contratado
1172505062,Professora de educação física ,Kids,Pedagógico,Outros ( descrever no descritivo do horário),"Segunda - 07h às 18h
Quarta - 07h às 13h",Interno,Substituição,Tâmyssa do Carmo ,CLT,0.0,Presencial,Concluído (CONTRATADO),2025-07-07,2025-07-07 14:23,2025-08-04 19:18,,,28.0,Contratado
1146282205,PROFESSOR DE HISTÓRIA ,Janga,Pedagógico,Segunda a Sexta,SEGUNDAS E QUINTAS ,Interno,Substituição,Profº Wilson Chiarelli,CLT,0.0,Presencial,Concluído (CONTRATADO),2025-02-10,2025-05-21 12:13,2025-08-06 12:04,,,76.0,Contratado
1180328364,Estagiário ,Cordeiro,Estágio,Segunda a Sexta,6h30 às 12h,Externo,Substituição,Flávia Letícia ,,0.0,Presencial,Concluído (CONTRATADO),2025-07-21,2025-07-21 18:38,2025-08-04 12:36,,,13.0,Contratado
1181963925,Priscila ,Boa Viagem,,Segunda a Sexta,07h às 17h ,Externo,Substituição,Sandra ,,1630.6,Presencial,Concluído (CONTRATADO),2025-07-23,2025-07-23 17:26,2025-08-01 18:13,,,9.0,Contratado
1180127569,Professor de Matemática,Boa Viagem,Pedagógico,Outros ( descrever no descritivo do horário),"Terça - 3 aulas (08h55 às 11h55)
Quinta - 3 aulas (09h45 às 12h45)",Externo,Substituição,Professora Mirele Mirtis,CLT,0.0,Presencial,Concluído (CONTRATADO),2025-07-21,2025-07-21 14:51,2025-07-31 17:51,,,10.0,Contratado
1180808331,PROFESSOR DE PORTUGUÊS,Boa Viagem,Pedagógico,Outros ( descrever no descritivo do horário),"Turno manhã: (7° e 8° ano)
Segunda - 07h15 às 11h55
Terça - 08h55 às 11h55
Quarta - 07h15 às 11h55
Sexta - 09h25 às 12h45

Turno tarde: (8° e 9° ano)
Quarta - 13h15 às 16h05
Sexta - 13h15 às 14h05",Externo,Substituição,Mayara Cristina ,,0.0,Presencial,Concluído (CONTRATADO),2025-07-22,2025-07-22 12:01,2025-07-31 11:28,,,8.0,Contratado
1169690992,Professora,Kids,Pedagógico,Segunda a Sexta,07h às 18h,Interno,Substituição,Elze Belchior,CLT,0.0,Presencial,Concluído (CONTRATADO),2025-07-01,2025-07-01 17:13,2025-07-25 15:11,,,23.0,Contratado
1147286920,Professor de Português,Boa Viagem,Pedagógico,Outros ( descrever no descritivo do horário),QUINTA,Externo,Substituição,Professora Mayara,CLT,0.0,Presencial,Concluído (CONTRATADO),2025-05-22,2025-05-22 14:47,2025-07-25 15:11,,,64.0,Contratado
1180800061,Apoio pedagógico ,Boa Viagem,Pedagógico,Segunda a Sexta,09h às 19h,Interno,Aumento no quadro de funcionários,,,0.0,Presencial,Concluído (CONTRATADO),2025-07-22,2025-07-22 11:48,2025-07-22 20:06,,,0.0,Contratado
1172808098,Vanessa De Mendonça Pedrosa ,Boa Viagem,Pedagógico,Segunda a Sexta,07:30 às 17:30,Externo,Aumento no quadro de funcionários,,,1630.0,Presencial,Concluído (CONTRATADO),2025-07-01,2025-07-07 21:12,2025-07-22 20:07,,,14.0,Contratado
1160995197,Apoio Pedagógico,Boa Viagem,Pedagógico,Segunda a Sexta,07h00 às 17h,Interno,Aumento no quadro de funcionários,,,0.0,Presencial,Concluído (CONTRATADO),2025-06-16,2025-06-16 16:18,2025-07-22 20:06,,,36.0,Contratado
1168528412,PROFESSOR (A) DE REDAÇÃO E LIV ,Janga,Pedagógico,Outros ( descrever no descritivo do horário),"A vaga seria com disponibilidade para os dias: 
Quarta-feira / Quinta-feira / Sexta-feira. ",Interno,Substituição,Profª Natália Paiva ,,20.0,Presencial,Concluído (CONTRATADO),2025-03-06,2025-06-30 12:08,2025-07-22 20:06,,,22.0,Contratado
1162373843,Auxiliar de sala,Kids,Pedagógico,Segunda a Sexta,8h às 18h,Interno,Substituição,,CLT,0.0,Presencial,Concluído (CONTRATADO),2025-06-18,2025-06-18 13:10,2025-07-09 13:12,,,21.0,Contratado
1174940394,Estagiário ,Cordeiro,Estágio,Segunda a Sexta,7h às 13h ,Externo,Substituição,,,0.0,Presencial,Concluído (CONTRATADO),2025-07-11,2025-07-11 19:54,2025-07-15 11:28,,,3.0,Contratado
1150588670,Apoio Pedagógico ,Kids,Pedagógico,Segunda a Sexta,08h às 18h,Interno,Aumento no quadro de funcionários,,CLT,1518.0,Presencial,Concluído (CONTRATADO),2025-05-28,2025-05-28 11:18,2025-07-08 20:13,,,41.0,Contratado
1154563266,Professor de História ,Teen 2,Pedagógico,Segunda a Sexta,Disponibilidade para a terça feira ,Externo,Aumento no quadro de funcionários,,CLT,0.0,Presencial,Concluído (CONTRATADO),2025-06-04,2025-06-04 00:54,2025-06-13 12:08,,,9.0,Contratado
1156564380,apoio pedagógico,Boa Viagem,Pedagógico,Segunda a Sexta,7 as 17h,Interno,Substituição,Rebeca Moura,CLT,0.0,Presencial,Concluído (CONTRATADO),2025-06-06,2025-06-06 20:30,2025-06-27 18:49,,,20.0,Contratado
1131177934,Estágio de Psicologia,Boa Viagem,Psicologia,Segunda a Sexta,13:30 ás 17:30,Interno,Aumento no quadro de funcionários,,,0.0,Presencial,Concluído (CONTRATADO),2025-04-28,2025-04-28 15:43,2025-06-27 19:34,,,60.0,Contratado
1154560246,Professor de redação ,Teen 2,Pedagógico,Segunda a Sexta,Disponibilidade para a Terça-feira,Externo,Aumento no quadro de funcionários,,CLT,0.0,Presencial,Concluído (CONTRATADO),2025-06-04,2025-06-04 00:51,2025-06-13 12:08,,,9.0,Contratado
1144439077,"Jovem aprendiz , Aux. Administrativo ",Cordeiro,Administrativo,Segunda a Sexta,11h às 17h ,Interno,Substituição,Marilia Melo dos Santos ,CLT,750.0,Presencial,Concluído (CONTRATADO),2025-05-19,2025-05-19 13:18,2025-06-05 13:55,,,17.0,Contratado
1150155255,Recepcionista,Boa Viagem,Administrativo,Segunda a Sexta,8h às 12h; 13:15 às 18h,Externo,Aumento no quadro de funcionários,,CLT,0.0,Presencial,Concluído (CONTRATADO),2025-05-21,2025-05-27 19:20,2025-06-04 14:13,,,7.0,Contratado
1142028175,Estágio ,Teen 1,Pedagógico,Segunda a Sexta,"7 ás 13h de seg a sexta.
",Interno,Aumento no quadro de funcionários,,Estágio,0.0,Presencial,Concluído (CONTRATADO),2025-05-15,2025-05-15 14:30,2025-06-05 13:04,,,20.0,Contratado
1188106188,Porteiro,Teen 1,Manutenção/operacional,Segunda a Sexta,Período manhã -  6h30 às 15h,Externo,Aumento no quadro de funcionários,,CLT,1.0,Presencial,Concluído (CONTRATADO),2025-08-04,2025-08-04 14:58,2025-08-08 17:49,,,4.0,Contratado
1144504955,auxiliar de coordenação EM,Cordeiro,Pedagógico,Segunda a Sexta,7h às 17h,Externo,Substituição,Dayana,,1550.0,Presencial,Concluído (CONTRATADO),2025-05-19,2025-05-19 14:11,2025-06-04 14:11,,,16.0,Contratado
1148146020,Recepcionista ,Teen 2,,Segunda a Sexta,"7h às 17h 

Intervalo: 12h às 13:15 ",,Aumento no quadro de funcionários,,,0.0,,Concluído (CONTRATADO),,2025-05-23 15:56,2025-05-29 14:34,,,5.0,Contratado
1147378299,Auxiliar de Serviços Gerais,Boa Viagem,Manutenção/operacional,Segunda a Sexta,"9h às 19h - 1h15 de intervalo
(sábado escala)",Externo,Substituição,,CLT,1526.0,Presencial,Concluído (CONTRATADO),2025-05-21,2025-05-22 17:03,2025-06-04 11:40,,,12.0,Contratado
1054521919,AUXILIAR DE COORDENAÇÃO ENSINO MÉDIO - BV,,Pedagógico,,,Externo,Substituição,AUXILIAR NATHALIA OLIVEIRA,CLT,0.0,Presencial,Concluído (CONTRATADO),2025-01-02,2025-01-02 14:17,2025-05-30 18:18,,,148.0,Contratado
1133800598,Auxiliar administrativo para o setor da cobrança ,Boa Viagem,Administrativo,Segunda a Sexta,De 8h ás 18h,Externo,Aumento no quadro de funcionários,,CLT,1518.0,Presencial,Concluído (CONTRATADO),2025-05-02,2025-05-02 12:38,2025-05-29 14:34,,,27.0,Contratado
1133800279,Auxiliar administrativo para o setor da cobrança ,Boa Viagem,Administrativo,Segunda a Sexta,De 8h ás 18h,Externo,Aumento no quadro de funcionários,,CLT,1518.0,Presencial,Concluído (CONTRATADO),2025-05-02,2025-05-02 12:38,2025-05-20 20:00,,,18.0,Contratado
1092117967,Apoio Pedagógico anos iniciais kids,,Pedagógico,,,Interno,Aumento no quadro de funcionários,,,0.0,Presencial,Concluído (CONTRATADO),2025-10-03,2025-03-10 19:13,2025-04-09 14:59,,,29.0,Contratado
1011689920,Cozinheira/ auxiliar de cozinha ,,Manutenção/operacional,,,Interno,Substituição,Evellyn Soares da Silva ,,0.0,Presencial,Concluído (CONTRATADO),,2024-10-18 18:41,2025-04-23 16:55,,,186.0,Contratado
1092116255,Professora de Inglês,,Pedagógico,,,Interno,Substituição,Professora Mariana informou que não irá continuar conosco.,,0.0,Presencial,Concluído (CONTRATADO),2025-10-03,2025-03-10 19:11,2025-04-09 14:59,,,29.0,Contratado
1065002398,Professora de Artes,,Pedagógico,,,Interno,Substituição,Raquel Simões de Albuquerque ,,0.0,Presencial,Concluído (CONTRATADO),,2025-01-22 20:25,2025-04-09 15:01,,,76.0,Contratado
1021176548,Apoio Pedagógico Turno Complementar,,Pedagógico,,,Externo,Substituição,Estagiária Bruna,CLT,0.0,Presencial,Concluído (CONTRATADO),2024-11-05,2024-11-05 18:42,2025-04-09 14:57,,,154.0,Contratado
1092157863,Apoio Pedagógico Turno Complementar,,Pedagógico,,,Interno,Aumento no quadro de funcionários,,,0.0,Presencial,Concluído (CONTRATADO),2025-10-03,2025-03-10 19:55,2025-04-09 14:55,,,29.0,Contratado
1054524821,Apoio pedagogico ,,Pedagógico,,,Externo,Substituição,Estagiárias e Sofia (aux) ,,0.0,Presencial,Concluído (CONTRATADO),2025-01-02,2025-01-02 14:22,2025-04-01 12:49,,,88.0,Contratado
1112178441,Porteiro,,Manutenção/operacional,,,Externo,Substituição,Emerson???,,0.0,Presencial,Concluído (CONTRATADO),,2025-04-03 18:47,2025-04-09 14:55,,,5.0,Contratado
1054538396,Coordenador disciplinar ,,Pedagógico,,,Externo,Aumento no quadro de funcionários,,,0.0,Presencial,Concluído (CONTRATADO),2025-01-02,2025-01-02 14:46,2025-04-01 12:49,,,88.0,Contratado
1016171067,Orientador Disciplinar,,Pedagógico,,,Externo,Substituição,Karla ,CLT,0.0,Presencial,Concluído (CONTRATADO),2024-10-28,2024-10-28 12:05,2025-04-01 12:49,,,155.0,Contratado
1056236762,ORIENTADOR DISCIPLINAR,,Administrativo,,,Externo,Aumento no quadro de funcionários,,,0.0,Presencial,Concluído (CONTRATADO),2025-01-06,2025-01-06 12:43,2025-04-01 12:48,,,85.0,Contratado
1004952811,Orientador Disciplinar,,Pedagógico,,,Interno,Substituição,,,0.0,Presencial,Concluído (CONTRATADO),,2024-10-07 15:46,2025-04-01 12:48,,,175.0,Contratado
1054998281,Auxiliar de Sala,,Pedagógico,,,Externo,Substituição,Mércia e MArcela,,0.0,,Concluído (CONTRATADO),2025-01-03,2025-01-03 11:50,2025-04-01 12:48,,,88.0,Contratado
1010769286,2 AUX. ADM (RH - PONTO),,Administrativo,,,Externo,Aumento no quadro de funcionários,,CLT,1431.0,Presencial,Concluído (CONTRATADO),2024-09-26,2024-10-17 11:13,2025-04-01 12:48,,,166.0,Contratado
1052630163,Professora INGLÊS,,Pedagógico,,,Externo,Substituição,,CLT,0.0,Presencial,Concluído (CONTRATADO),,2024-12-27 15:20,2025-03-10 19:10,,,73.0,Contratado
1004820268,Auxiliar de sala,,Pedagógico,,,Interno,Substituição,Emanuele e a outra vaga que não foi preenchida desde agosto ,CLT,0.0,Presencial,Concluído (CONTRATADO),,2024-10-07 11:28,2025-03-10 19:07,,,154.0,Contratado
1054579785,Auxiliar de Coordenação ,,Pedagógico,,,Interno,Substituição,Raquel Andrelino ,CLT,1500.0,Presencial,Concluído (CONTRATADO),,2025-01-02 15:41,2025-03-10 19:06,,,67.0,Contratado
1054613160,Psicóloga ,,Psicologia,,,Interno,Substituição,,CLT,2000.0,Presencial,Concluído (CONTRATADO),,2025-01-02 17:00,2025-03-10 19:06,,,67.0,Contratado
1052626979,Professora Polivalente ,,Pedagógico,,,Externo,Substituição,,CLT,0.0,Presencial,Concluído (CONTRATADO),,2024-12-27 15:16,2025-03-10 19:06,,,73.0,Contratado
1052627296,Professora Polivalente ,,Pedagógico,,,Externo,Substituição,,CLT,0.0,Presencial,Concluído (CONTRATADO),,2024-12-27 15:16,2025-03-10 19:05,,,73.0,Contratado
1052628688,Professora Polivalente ,,Pedagógico,,,Externo,Substituição,,CLT,0.0,Presencial,Concluído (CONTRATADO),,2024-12-27 15:18,2025-03-10 19:04,,,73.0,Contratado
1054694456,PROFESSOR POLIVALENTE ,,Pedagógico,,,Externo,Aumento no quadro de funcionários,,,0.0,Presencial,Concluído (CONTRATADO),2025-01-02,2025-01-02 19:17,2025-03-10 19:03,,,66.0,Contratado
1059758129,Apoio Pedagpigico,,Pedagógico,,,Externo,Substituição,Talita Alves,,0.0,Presencial,Concluído (CONTRATADO),2025-01-13,2025-01-13 12:13,2025-03-10 19:03,,,56.0,Contratado
1013599120,2 VAGAS - AUXILIAR DE COORDENAÇÃO,,Pedagógico,,,Externo,Aumento no quadro de funcionários,,CLT,0.0,Presencial,Concluído (CONTRATADO),2024-10-22,2024-10-22 20:48,2025-03-10 19:03,,,138.0,Contratado
1054690352,AUXILIAR DE COORDENAÇÃO,,Pedagógico,,,Externo,Aumento no quadro de funcionários,,,0.0,Presencial,Concluído (CONTRATADO),2025-01-02,2025-01-02 19:09,2025-03-10 19:03,,,66.0,Contratado
1006652349,Auxiliar de Coordenação,,Pedagógico,,,Interno,Substituição,,CLT,0.0,Presencial,Concluído (CONTRATADO),,2024-10-10 11:58,2025-03-10 19:02,,,151.0,Contratado
1054517974,Aux. Manutenção ,,Manutenção/operacional,,,Externo,Substituição,Augusto ,CLT,0.0,Presencial,Concluído (CONTRATADO),2025-12-02,2025-01-02 14:11,2025-03-10 19:02,,,67.0,Contratado
1054516482,Serviços gerais ,,Manutenção/operacional,,,Externo,Substituição,"Josefa, Fabiana e Andrea ",CLT,0.0,Presencial,Concluído (CONTRATADO),2025-01-02,2025-01-02 14:08,2025-03-10 19:02,,,67.0,Contratado
1054690599,AUXILIAR DE COORDENAÇÃO,,Pedagógico,,,Externo,Aumento no quadro de funcionários,,,0.0,Presencial,Concluído (CONTRATADO),2025-01-02,2025-01-02 19:10,2025-03-10 19:00,,,66.0,Contratado
1052616102, (2) Professora  Polivalente / Anos Iniciais - Ensino Fundamental I,,Pedagógico,,,Externo,Aumento no quadro de funcionários,,,0.0,Presencial,Concluído (CONTRATADO),2024-12-27,2024-12-27 14:56,2025-03-10 19:00,,,73.0,Contratado
1054694195,PROFESSOR POLIVALENTE ,,Pedagógico,,,Externo,Aumento no quadro de funcionários,,,0.0,Presencial,Concluído (CONTRATADO),2025-01-02,2025-01-02 19:16,2025-03-10 18:59,,,66.0,Contratado
1052629579,Professora Polivalente ,,Pedagógico,,,Externo,Substituição,,CLT,0.0,Presencial,Concluído (CONTRATADO),,2024-12-27 15:19,2025-03-10 18:59,,,73.0,Contratado
1054694026,PROFESSOR POLIVALENTE ,,Pedagógico,,,Externo,Aumento no quadro de funcionários,,,0.0,Presencial,Concluído (CONTRATADO),2025-01-02,2025-01-02 19:16,2025-03-10 18:59,,,66.0,Contratado
1054694340,PROFESSOR POLIVALENTE ,,Pedagógico,,,Externo,Aumento no quadro de funcionários,,,0.0,Presencial,Concluído (CONTRATADO),2025-01-02,2025-01-02 19:16,2025-03-10 18:58,,,66.0,Contratado
1054694712,PROFESSOR POLIVALENTE ,,Pedagógico,,,Externo,Aumento no quadro de funcionários,,,0.0,Presencial,Concluído (CONTRATADO),2025-01-02,2025-01-02 19:17,2025-03-10 18:58,,,66.0,Contratado
1054694597,PROFESSOR POLIVALENTE ,,Pedagógico,,,Externo,Aumento no quadro de funcionários,,,0.0,Presencial,Concluído (CONTRATADO),2025-01-02,2025-01-02 19:17,2025-03-10 18:58,,,66.0,Contratado
1060726010,Auxiliar de Coordenação Pedagógica,,Pedagógico,,,Externo,Substituição,Priscilla Thayanna,CLT,0.0,Presencial,Concluído (CONTRATADO),2025-01-14,2025-01-14 19:42,2025-03-10 18:58,,,54.0,Contratado
1064998554,Professor de Teatro,,Pedagógico,,,Interno,Aumento no quadro de funcionários,,,0.0,Presencial,Concluído (CONTRATADO),,2025-01-22 20:20,2025-03-10 18:54,,,46.0,Contratado
1056256793,PROFESSOR CIÊNCIAS NATURAIS,,Pedagógico,,,Externo,Aumento no quadro de funcionários,,CLT,0.0,Presencial,Concluído (CONTRATADO),2025-01-06,2025-01-06 13:11,2025-02-05 12:08,,,29.0,Contratado
1053471112,Professora ,,Pedagógico,,,Interno,Substituição,Jesica Cavalcanti,CLT,0.0,Presencial,Concluído (CONTRATADO),,2024-12-30 09:46,2025-02-05 12:08,,,37.0,Contratado
1010529101,Recepcionista CORDEIRO,,Administrativo,,,Externo,Aumento no quadro de funcionários,,,1431.0,Presencial,Concluído (CONTRATADO),2024-10-16,2024-10-16 20:36,2025-01-03 17:12,,,78.0,Contratado
1010532042,Auxiliar ADM (Cobrança),,Administrativo,,,Externo,Aumento no quadro de funcionários,,,1431.0,Presencial,Concluído (CONTRATADO),2024-10-16,2024-10-16 20:41,2024-12-03 18:19,,,47.0,Contratado
1017188619,AUXILIAR ADM (SETOR COBRANÇA),,Administrativo,,,Externo,Substituição,...,CLT,1488.0,Presencial,Concluído (CONTRATADO),2024-10-29,2024-10-29 20:08,2024-12-02 13:34,,,33.0,Contratado
1015225153,Prof AEE,,Pedagógico,,,Externo,Substituição,,CLT,0.0,Presencial,Concluído (CONTRATADO),2024-10-22,2024-10-25 17:09,2024-10-28 20:03,,,3.0,Contratado
1014756201,Professor de Português,,Pedagógico,,,Externo,Substituição,Hyago ,CLT,0.0,Presencial,Concluído (CONTRATADO),2024-10-17,2024-10-24 19:48,2024-10-28 20:01,,,4.0,Contratado
1010766613,PROFESSOR DE PORTUGUÊS - ENS. MÉDIO,,Pedagógico,,,Externo,Substituição,Crislayne,CLT,0.0,Presencial,Concluído (CONTRATADO),2024-09-01,2024-10-17 11:07,2024-10-28 20:01,,,11.0,Contratado
924346480,Professora de Inglês,,Pedagógico,,,Externo,Substituição,,,0.0,,Concluído (CONTRATADO),2024-05-07,2024-05-07 20:35,2024-10-24 19:44,,,169.0,Contratado
951457375,Professor de arte,,Pedagógico,,,Externo,Substituição,,,0.0,Presencial,Concluído (CONTRATADO),2024-06-28,2024-06-28 16:11,2024-10-24 19:44,,,118.0,Contratado
972386136,PROFESSOR DE CIÊNCIAS SOCIAIS,,Pedagógico,,,Externo,Substituição,FILIPE CARVALHO ,,0.0,Presencial,Concluído (CONTRATADO),2024-08-06,2024-08-09 18:58,2024-10-24 19:41,,,76.0,Contratado
966337351,Manutenção ,,Manutenção/operacional,,,Externo,Substituição,Moises Albino ,,1418.0,Presencial,Concluído (CONTRATADO),2024-07-29,2024-07-29 13:54,2024-08-26 18:00,,,28.0,Contratado
1109590118,PROFESSOR DE INGLÊS - ANOS FINAIS,,Pedagógico,,,Externo,Substituição,Marcus Vinícius ,CLT,0.0,Presencial,Concluído (CONTRATADO),2025-03-31,2025-03-31 20:04,2025-05-06 17:11,,,35.0,Contratado
966340749,Auxiliar de refrigeração ,,Manutenção/operacional,,,Externo,Substituição,Alysson Gadelha ,,2300.0,Presencial,Concluído (CONTRATADO),2024-07-29,2024-07-29 13:58,2024-09-20 18:17,,,53.0,Contratado
1092136337,Estágio no Complementar ,,Pedagógico,,,Interno,Substituição,Milena,Estágio,700.0,Presencial,Concluído (CONTRATADO),,2025-03-10 19:33,2025-05-06 17:12,,,56.0,Contratado
1109199093,Professor de arte - Anos Finais,,Pedagógico,,,Externo,Substituição,RENATA DA SILVA LEITE,,0.0,Presencial,Concluído (CONTRATADO),2025-03-31,2025-03-31 14:53,2025-05-06 17:11,,,36.0,Contratado
947329063,Professora de inglês,,Pedagógico,,,Externo,Substituição,Cristiane (já foi desligada) ,CLT,14.0,Presencial,Concluído (CONTRATADO),2024-06-20,2024-06-20 15:10,2024-09-20 18:19,,,92.0,Contratado
1000162775,ESTAGIO ,,Estágio,,,Externo,Aumento no quadro de funcionários,,Estágio,700.0,Presencial,Concluído (CONTRATADO),2024-09-27,2024-09-27 14:13,2024-10-16 14:30,,,19.0,Contratado
1098671002,Professor de Biologia ,,Pedagógico,,,Externo,Aumento no quadro de funcionários,,,0.0,Presencial,Concluído (CONTRATADO),,2025-03-20 15:26,2025-05-06 17:04,,,47.0,Contratado
1010771808,AUXILIAR ADM (COBRANÇA),,Administrativo,,,Externo,Substituição,Claryce,,1431.0,Presencial,Concluído (CONTRATADO),2024-08-01,2024-10-17 11:18,2024-10-17 11:18,,,0.0,Contratado
1010528353,Recepcionista BV,,Administrativo,,,Externo,Aumento no quadro de funcionários,,,1431.0,Presencial,Concluído (CONTRATADO),2024-10-16,2024-10-16 20:35,2024-11-04 16:50,,,18.0,Contratado
1098207749,Professor de biologia ,,Pedagógico,,,Externo,Aumento no quadro de funcionários,,,0.0,Presencial,Concluído (CONTRATADO),2025-03-19,2025-03-19 19:11,2025-05-06 17:04,,,47.0,Contratado
1129977328,Apoio Pedagógico,Boa Viagem,Pedagógico,Segunda a Sexta,De 12h ás 18h.,Interno,Aumento no quadro de funcionários,,,1518.0,Presencial,Concluído (CONTRATADO),2025-04-25,2025-04-25 18:44,2025-05-06 17:01,,,10.0,Contratado
1098204014,Professor de português ,,Pedagógico,,,Externo,Aumento no quadro de funcionários,,,0.0,Presencial,Concluído (CONTRATADO),2025-03-19,2025-03-19 19:05,2025-05-06 16:57,,,47.0,Contratado
1014743731,Recepção Candeias,,Administrativo,,,Externo,Aumento no quadro de funcionários,,CLT,1488.91,Presencial,Concluído (CONTRATADO),2024-10-24,2024-10-24 19:27,2024-11-04 16:50,,,10.0,Contratado
1056263963,PROFESSOR DE RACIOCÍNIO LÓGICO,,Pedagógico,,,Externo,Aumento no quadro de funcionários,,CLT,0.0,Presencial,Concluído (CONTRATADO),2025-01-06,2025-01-06 13:22,2025-01-21 12:00,,,14.0,Contratado
1054694818,Professor de Química,,Pedagógico,,,Interno,Aumento no quadro de funcionários,,,1.0,Presencial,Concluído (CONTRATADO),,2025-01-02 19:17,2025-01-21 12:01,,,18.0,Contratado
1056264971,PROFESSOR DE REDAÇÃO,,Pedagógico,,,Externo,Aumento no quadro de funcionários,,CLT,0.0,Presencial,Concluído (CONTRATADO),2025-01-06,2025-01-06 13:23,2025-01-21 12:01,,,14.0,Contratado
1098206696,Professor de matemática ,,Pedagógico,,,Externo,Aumento no quadro de funcionários,,,0.0,Presencial,Concluído (CONTRATADO),2025-03-19,2025-03-19 19:09,2025-05-06 16:57,,,47.0,Contratado
1056240209,PROFESSOR GEOGRAFIA,,Pedagógico,,,Externo,Substituição,PROFESSOR MARCELO SOLICITOU A SAÍDA DO COLÉGIO,CLT,0.0,Presencial,Concluído (CONTRATADO),2025-01-06,2025-01-06 12:48,2025-01-24 10:17,,,17.0,Contratado
1056255377,PROFESSOR GEOGRAFIA,,Pedagógico,,,Externo,Aumento no quadro de funcionários,,CLT,0.0,Presencial,Concluído (CONTRATADO),2025-01-06,2025-01-06 13:10,2025-01-24 10:18,,,17.0,Contratado
1054521745,Professores ,,Pedagógico,,,Externo,Substituição,"Rose, Sandra, Elisangela, Renata, Elyda, Márcia, Felipe e Claudia. ",,0.0,Presencial,Concluído (CONTRATADO),2025-01-02,2025-01-02 14:17,2025-02-05 12:08,,,33.0,Contratado
1054723274,Professor de Matemática - Ricardo,,Pedagógico,,,Externo,Aumento no quadro de funcionários,,,0.0,Presencial,Concluído (CONTRATADO),2025-01-02,2025-01-02 20:00,2025-02-05 12:08,,,33.0,Contratado
1056258257,PROFESSOR DE GRAMÁTICA,,Pedagógico,,,Externo,Aumento no quadro de funcionários,,CLT,0.0,Presencial,Concluído (CONTRATADO),2025-01-06,2025-01-06 13:14,2025-02-05 12:09,,,29.0,Contratado
1056259293,PROFESSOR DE PORTUGUÊS,,Pedagógico,,,Externo,Aumento no quadro de funcionários,,CLT,0.0,Presencial,Concluído (CONTRATADO),2025-01-06,2025-01-06 13:15,2025-02-05 12:09,,,29.0,Contratado
1056260634,PROFESSOR DE PORTUGUÊS,,Pedagógico,,,Externo,Aumento no quadro de funcionários,,,0.0,Presencial,Concluído (CONTRATADO),2025-01-06,2025-01-06 13:17,2025-02-05 12:09,,,29.0,Contratado
1056260080,PROFESSOR DE PORTUGUêS,,Pedagógico,,,Externo,Aumento no quadro de funcionários,,CLT,0.0,Presencial,Concluído (CONTRATADO),2025-01-06,2025-01-06 13:16,2025-02-05 12:09,,,29.0,Contratado
996883918,Estágio,,Pedagógico,,,Externo,Substituição,,,0.0,Presencial,Concluído (CONTRATADO),2024-09-23,2024-09-23 11:47,2025-03-10 19:55,,,168.0,Contratado
1061926024,Estágio,,Pedagógico,,,Externo,Aumento no quadro de funcionários,,,0.0,Presencial,Concluído (CONTRATADO),2025-01-16,2025-01-16 18:42,2025-03-10 19:56,,,53.0,Contratado
1052616008,Estagiária,,Pedagógico,,,Externo,Aumento no quadro de funcionários,,,0.0,Presencial,Concluído (CONTRATADO),2024-12-27,2024-12-27 14:56,2025-03-10 19:56,,,73.0,Contratado
1129988987,Cobrança,Boa Viagem,Administrativo,Segunda a Sexta,"Eventualmente sábado, existe também fiscalização de prova e eventos",Externo,Substituição,,CLT,0.0,Presencial,Concluído (CONTRATADO),2025-04-25,2025-04-25 18:56,2025-05-19 12:06,,,23.0,Contratado
1131005663,Professor (a) de História ,Janga,Pedagógico,Segunda a Sexta,Das 7h às 12h ,Interno,Substituição,Professor Wilson Chiarelli,CLT,22.0,Presencial,Concluído (CONTRATADO),,2025-04-28 12:17,2025-06-06 11:03,,,38.0,Contratado
1183232484,Professor de Geografia - Ensino Médio,Teen 2,Pedagógico,Outros ( descrever no descritivo do horário),Segundas e quartas (manhã - 7h15 às 12h45),Externo,Substituição,"Professora Ariane Silva, irá entrar em licença maternidade",Contrato,0.0,Presencial,Concluído (CONTRATADO),2025-07-25,2025-07-25 16:29,2025-08-08 12:32,,,13.0,Contratado
1173096112,Apoio pedagógico ,Kids,Pedagógico,Segunda a Sexta,07h às 18h,Interno,Aumento no quadro de funcionários,,CLT,0.0,Presencial,Concluído (CONTRATADO),2025-07-08,2025-07-08 14:38,2025-08-25 17:22,,,48.0,Contratado
1208819047,Auxiliar de Serviços Gerais,Janga,Manutenção/operacional,Segunda a Sábado,08:30 às 18:30 com 02 horas de almoço,Interno,Substituição, Adriana Maria de Carvalho Vieira,,1526.0,Presencial,Concluído (CONTRATADO),2025-09-05,2025-09-05 11:41,2025-11-05 15:08,,,61.0,Contratado
1225821233,PROFESSOR DE CIÊNCIAS ,Boa Viagem,Pedagógico,Segunda a Sexta,"São 15 aulas. 

Seg. 
07h15 às 11h55 (5 aulas) 

Qua.
07h15 às 11h55 (5 aulas)

Sex. 
07h15 às 11h55 (5 aulas)",Externo,Substituição,Allisson Galvão ,CLT,0.0,Presencial,Concluído (CONTRATADO),2025-10-02,2025-10-02 12:16,2025-11-05 15:08,,,34.0,Contratado
1229106599,Designer,Teen 2,Administrativo,Outros ( descrever no descritivo do horário),Segunda a sexta (sábado apenas quando tivermos eventos),,Aumento no quadro de funcionários,,CLT,1700.0,Presencial,Concluído (CONTRATADO),2025-10-06,2025-10-06 19:54,2025-11-05 15:09,,,29.0,Contratado
1242071823,Estagiária para o Turno Complementar ,Boa Viagem,Pedagógico,Segunda a Sexta,12h às 18h,Interno,Substituição,Carolina Eiras,Estágio,700.0,Presencial,Concluído (CONTRATADO),,2025-10-23 11:56,2025-11-05 15:10,,,13.0,Contratado
1292614984,ESTAGIÁRIA,Boa Viagem,Pedagógico,Segunda a Sexta,12h ás 18h ou 12:30h ás 18:30h,Interno,Aumento no quadro de funcionários,,,700.0,Presencial,VAGAS CONGELADAS,2026-03-02,2026-02-03 18:23,,,,,Congelada
1292614770,ESTAGIÁRIA,Boa Viagem,Pedagógico,Segunda a Sexta,12h ás 18h ou 12:30h ás 18:30h,Interno,Aumento no quadro de funcionários,,,700.0,Presencial,VAGAS CONGELADAS,2026-03-02,2026-02-03 18:23,,,,,Congelada
1292618566,ESTAGIÁRIA,Boa Viagem,Pedagógico,Segunda a Sexta,07h ás 13h ,Interno,Aumento no quadro de funcionários,,,600.0,Presencial,VAGAS CONGELADAS,2026-03-02,2026-02-03 18:29,,,,,Congelada
1292618008,ESTAGIÁRIA,Boa Viagem,Pedagógico,Segunda a Sexta,12h ás 18h ou 12:30h ás 18:30h,Interno,Aumento no quadro de funcionários,,,600.0,Presencial,VAGAS CONGELADAS,2026-03-02,2026-02-03 18:28,,,,,Congelada
1292617880,ESTAGIÁRIA,Boa Viagem,Pedagógico,Segunda a Sexta,12h ás 18h ou 12:30h ás 18:30h,Interno,Aumento no quadro de funcionários,,,600.0,Presencial,VAGAS CONGELADAS,2026-03-02,2026-02-03 18:28,,,,,Congelada
1292618265,ESTAGIÁRIA,Boa Viagem,Pedagógico,Segunda a Sexta,12h ás 18h ou 12:30h ás 18:30h,Interno,Aumento no quadro de funcionários,,,600.0,Presencial,VAGAS CONGELADAS,2026-03-02,2026-02-03 18:29,,,,,Congelada
1292617939,ESTAGIÁRIA,Boa Viagem,Pedagógico,Segunda a Sexta,12h ás 18h ou 12:30h ás 18:30h,Interno,Aumento no quadro de funcionários,,,600.0,Presencial,VAGAS CONGELADAS,2026-03-02,2026-02-03 18:28,,,,,Congelada
1292618629,ESTAGIÁRIA,Boa Viagem,Pedagógico,Segunda a Sexta,07h ás 13h ,Interno,Aumento no quadro de funcionários,,,600.0,Presencial,VAGAS CONGELADAS,2026-03-02,2026-02-03 18:29,,,,,Congelada
1292618796,ESTAGIÁRIA,Boa Viagem,Pedagógico,Segunda a Sexta,07h ás 13h ,Interno,Aumento no quadro de funcionários,,,600.0,Presencial,VAGAS CONGELADAS,2026-03-02,2026-02-03 18:30,,,,,Congelada
1288630436,Serviços gerais,Kids,Manutenção/operacional,Segunda a Sexta,06h30 às 16h30 (almoço das 13h às 14h),Interno,Substituição,Cássia pediu demissão ,,0.0,Presencial,VAGAS CONGELADAS,2026-01-27,2026-01-27 12:55,,,,,Congelada
1286716520,ESTAGIÁRIA,Boa Viagem,Pedagógico,Segunda a Sexta,6 horas pela manhã ou 6 horas pela tarde.,Interno,Aumento no quadro de funcionários,,,600.0,Presencial,VAGAS CONGELADAS,2026-01-23,2026-01-23 19:00,,,,,Congelada
1286716685,ESTAGIÁRIA,Boa Viagem,Pedagógico,Segunda a Sexta,6 horas pela manhã ou 6 horas pela tarde.,Interno,Aumento no quadro de funcionários,,,600.0,Presencial,VAGAS CONGELADAS,2026-01-23,2026-01-23 19:00,,,,,Congelada
1286716844,ESTAGIÁRIA,Boa Viagem,Pedagógico,Segunda a Sexta,6 horas pela manhã ou 6 horas pela tarde.,Interno,Aumento no quadro de funcionários,,,600.0,Presencial,VAGAS CONGELADAS,2026-01-23,2026-01-23 19:00,,,,,Congelada
1286717931,ESTAGIÁRIA,Boa Viagem,Pedagógico,Segunda a Sexta,6 horas pela manhã ou 6 horas pela tarde.,Interno,Aumento no quadro de funcionários,,,600.0,Presencial,VAGAS CONGELADAS,2026-01-23,2026-01-23 19:02,,,,,Congelada
1286720243,contrato,Boa Viagem,Pedagógico,Segunda a Sexta,7h ás 17h,Interno,Aumento no quadro de funcionários,,,1605.35,Presencial,VAGAS CONGELADAS,2026-01-23,2026-01-23 19:05,,,,,Congelada
1283804122,Professora Polivalente - Anos iniciais / 2º e 3º ano,Janga,Pedagógico,Segunda a Sexta,7h às 12h,Externo,Aumento no quadro de funcionários,,,2000.0,Presencial,VAGAS CONGELADAS,,2026-01-19 11:40,,,,,Congelada
1277228398,PROFESSOR DE PROJETO DE VIDA,Boa Viagem,Pedagógico,Segunda a Sexta,MANHÃ,Externo,Aumento no quadro de funcionários,,,0.0,Presencial,VAGAS CONGELADAS,2026-01-06,2026-01-06 12:20,,,,,Congelada
1259881916,Professora Polivalente ,Boa Viagem,Pedagógico,Segunda a Sexta,07:00 às 18:00,Externo,Substituição,Elanya Sabino,CLT,0.01,Presencial,VAGAS CONGELADAS,2025-11-26,2025-11-26 17:50,,,,,Congelada
1259882313,Professora Polivalente ,Boa Viagem,Pedagógico,Segunda a Sexta,07:00 às 18:00,Externo,Substituição,Renata Lima,CLT,0.01,Presencial,VAGAS CONGELADAS,2025-11-26,2025-11-26 17:50,,,,,Congelada
1259882769,Professora Polivalente ,Boa Viagem,Pedagógico,Segunda a Sexta,07:00 às 18:00,Externo,Substituição,Ramayana Sales,CLT,0.01,Presencial,VAGAS CONGELADAS,2025-11-26,2025-11-26 17:51,,,,,Congelada
1251137798,Auxiliar de serviços gerais ,Cordeiro,Manutenção/operacional,Segunda a Sábado,"06h às 15h ( segunda à sexta) com duas 1h30 de almoço 
07h às 15h ( sábado) com 1h de almoço
",Interno,Substituição,"Fabio Santana, Rosana Maria e Fernando",CLT,1605.35,Presencial,VAGAS CONGELADAS,2025-11-06,2025-11-06 17:56,,,,,Congelada
1234024759,ESTRATEGISTA DE MARKETING,Teen 2,Administrativo,Outros ( descrever no descritivo do horário),"Segunda a sexta
Nos sábados podendo ter que comparecer a algum evento ou reuniões de alinhamento. 
Os eventos e reuniões não vão acontecer todos os sábados, mas é importante a pessoa ter ciência que p",,Aumento no quadro de funcionários,,CLT,2000.0,Presencial,VAGAS CONGELADAS,2025-10-13,2025-10-13 11:45,,,,,Congelada
1128891302,Solicitação de Estagiária,Kids,Pedagógico,Segunda a Sexta,13h às 18h,Interno,Aumento no quadro de funcionários,,,0.0,Presencial,VAGAS CONGELADAS,,2025-04-24 13:45,,,,,Congelada
1174592055,4 estagiárias para o Turno Complementar ,Boa Viagem,Pedagógico,Segunda a Sexta,12 as 18h,Interno,Substituição,*Vai sair*  Yohanna Rafaelle da Silva Rocha Quésia Raíssa da Silva Gabriele Marques Freire Silva Karina Castor de Lima,Estágio,700.0,Presencial,VAGAS CONGELADAS,,2025-07-11 12:38,,,,,Congelada
1149931915,Professora de dança,Boa Viagem,Pedagógico,Outros ( descrever no descritivo do horário),Terças e quintas: 13:30 às 17:30,Externo,Substituição,Professor de música: Dimas,CLT,0.0,Presencial,VAGAS CONGELADAS,2025-05-27,2025-05-27 14:50,,,,,Congelada
1129088105,Estagiária ,Kids,Pedagógico,Segunda a Sexta,13h às 18h,Externo,Aumento no quadro de funcionários,,,0.0,Presencial,VAGAS CONGELADAS,,2025-04-24 18:13,,,,,Congelada
1245149327,Professora Polivalente ,Janga,Pedagógico,Segunda a Sexta,Das 7h às 12h,Externo,Substituição,,,2000.0,Presencial,VAGAS CONGELADAS,2025-10-27,2025-10-27 11:37,,,,,Congelada
1250076316,Estagiária ,Boa Viagem,Pedagógico,Segunda a Sexta,7:00 às 13:00 horas,Externo,Substituição,Emanuele Gratielle e Natália Monteiro ,,600.0,Presencial,VAGAS CONGELADAS,2025-11-05,2025-11-05 13:31,,,,,Congelada
1286721008,contrato,Boa Viagem,Pedagógico,Segunda a Sexta,7h ás 17h,Interno,Aumento no quadro de funcionários,,,1605.35,Presencial,Arquivado,2026-01-23,2026-01-23 19:06,2026-01-27 20:07,,,4.0,Arquivada
974908866,Cozinheira ,,Manutenção/operacional,,,Interno,Substituição,Francilene Pereira ,,0.0,Presencial,Arquivado,,2024-08-15 10:31,2024-08-26 18:00,,,11.0,Arquivada
1160003056,Estagiária Pedagógica,Cordeiro,Pedagógico,Segunda a Sexta,13h às 18h,Interno,Aumento no quadro de funcionários,,Estágio,700.0,Presencial,Arquivado,2025-06-13,2025-06-13 14:12,2025-06-27 19:31,,,14.0,Arquivada
973472622,Auxiliar de Serviços Gerais,,Manutenção/operacional,,,Externo,Aumento no quadro de funcionários,,,1475.0,Presencial,Arquivado,,2024-08-12 18:57,2024-08-26 17:41,,,13.0,Arquivada
972076328,Professora de Natação ,,Pedagógico,,,Interno,Substituição,Thayane Camila ,,0.0,Presencial,Arquivado,,2024-08-09 12:33,2024-09-11 12:01,,,32.0,Arquivada
912371599,Estagiária,,Estágio,,,Externo,Substituição,Luana Estagiária,Estágio,600.0,Presencial,Arquivado,2024-04-15,2024-04-15 14:03,2024-06-04 20:53,,,50.0,Arquivada
948112453,Auxiliar de Cantina,,Manutenção/operacional,,,Externo,Substituição,,,1418.0,Presencial,Arquivado,2024-06-20,2024-06-21 20:53,2024-08-02 12:15,,,41.0,Arquivada
928799521,PROFESSOR DE MATEMÁTICA,,Pedagógico,,,Externo,Substituição,PROFESSOR BRUNO NASCIMENTO SOLICITOU O DESLIGAMENTO,CLT,0.0,Presencial,Arquivado,2024-05-16,2024-05-16 13:59,2024-08-02 12:16,,,77.0,Arquivada
968072143,Auxiliar de sala,,Pedagógico,,,Interno,Substituição,Amanda,"CLT, Estágio",0.0,Presencial,Arquivado,2024-08-01,2024-08-01 14:32,2024-08-26 18:00,,,25.0,Arquivada
966864420,Auxiliar de sala,,Pedagógico,,,Interno,Substituição,Ana Regina /Priscila e Iasmim,CLT,0.0,Presencial,Arquivado,2024-07-30,2024-07-30 12:39,2024-08-26 18:00,,,27.0,Arquivada
973834890,Estágio,,Pedagógico,,,Externo,Substituição,Ilka,,0.0,Presencial,Arquivado,2024-08-13,2024-08-13 13:39,2024-08-26 18:00,,,13.0,Arquivada
912373456,Estagiária,,Pedagógico,,,Externo,Aumento no quadro de funcionários,,Estágio,600.0,Presencial,Arquivado,2024-04-15,2024-04-15 14:05,2024-06-04 20:53,,,50.0,Arquivada
916312870,PROFESSOR DE PORTUGUÊS + LIV,,Pedagógico,,,Externo,Aumento no quadro de funcionários,,,0.0,Presencial,Arquivado,2024-04-22,2024-04-22 20:39,2024-05-09 21:56,,,17.0,Arquivada
895876236,Estagiária para Educação Infantil Kids,,Pedagógico,,,Externo,Aumento no quadro de funcionários,,Estágio,600.0,Presencial,Arquivado,2024-03-20,2024-03-20 15:11,2024-05-02 15:08,,,42.0,Arquivada
896334723,Psicólogas ,,Psicologia,,,Externo,Substituição,Psicólogas que estão em contrato de experiência ,CLT,0.0,Presencial,Arquivado,2024-03-21,2024-03-21 06:06,2024-04-26 14:39,,,36.0,Arquivada
915957210,Auxiliar de Coordenação,,Pedagógico,,,Externo,Aumento no quadro de funcionários,,,0.0,Presencial,Arquivado,2024-04-22,2024-04-22 11:55,2024-04-26 14:38,,,4.0,Arquivada
895340054,Professora 4° ano manhã e tarde,,Pedagógico,,,Externo,Substituição,Dayana Mesquita,,0.0,Presencial,Arquivado,2024-03-19,2024-03-19 17:48,2024-04-04 14:20,,,15.0,Arquivada
926813126,Professora de Inglês,,Pedagógico,,,Interno,Substituição,Vitória Regina Rodrigues de Arruda,,0.0,Presencial,Arquivado,2024-05-13,2024-05-13 11:54,2024-06-20 14:55,,,38.0,Arquivada
916903479,ANALISTA CONTAS A PAGAR,,Administrativo,,,Externo,Substituição,Maria Elizangela ,"Contrato, CLT",0.0,Presencial,Arquivado,2024-04-23,2024-04-23 18:52,2024-05-09 19:30,,,16.0,Arquivada
910469152,Psicóloga Escolar,,Psicologia,,,Externo,Aumento no quadro de funcionários,,,0.0,Presencial,Arquivado,2024-04-11,2024-04-11 12:01,2024-05-08 17:52,RECURSOS HUMANOS ,RECURSOS HUMANOS ,27.0,Arquivada
963565992,Auxiliar de cozinha/atendente ,,Manutenção/operacional,,,Interno,Substituição,Danielle Freire ,CLT,1412.0,Presencial,Arquivado,2024-07-23,2024-07-23 11:22,2024-08-05 11:49,,,13.0,Arquivada
920720504,Orientador Educacional,,Pedagógico,,,Externo,Aumento no quadro de funcionários,,CLT,0.0,Presencial,Arquivado,2024-04-30,2024-04-30 19:23,2024-08-02 12:16,,,93.0,Arquivada
959365499,Professora infantil II,,Pedagógico,,,Externo,Substituição,,CLT,0.0,Presencial,Arquivado,2024-07-15,2024-07-15 16:20,2024-07-23 16:53,,,8.0,Arquivada
947326570,Psicologa para a unidade do KIDS,,Psicologia,,,Externo,Substituição,Liliane ,CLT,2400.0,Presencial,Arquivado,2024-06-20,2024-06-20 15:07,2024-07-23 16:52,,,33.0,Arquivada
948111627,Porteiro,,Manutenção/operacional,,,Externo,Substituição,,,1418.0,Presencial,Arquivado,2024-06-20,2024-06-21 20:50,2024-07-03 15:39,,,11.0,Arquivada
895157810,Estagiária para Turmas finais de BOa Viagem,,Estágio,,,Externo,Aumento no quadro de funcionários,,,0.0,Presencial,Arquivado,2024-03-19,2024-03-19 13:12,2024-03-21 18:24,RECURSOS HUMANOS ,RECURSOS HUMANOS ,2.0,Arquivada
895374536,Professora,,Pedagógico,,,Externo,Substituição,,CLT,0.0,Presencial,Arquivado,2024-03-19,2024-03-19 18:37,2024-04-04 14:21,,,15.0,Arquivada
895389299,Professora de Arte,,Pedagógico,,,Externo,Substituição,Mabilia,CLT,0.0,Presencial,Arquivado,2024-03-19,2024-03-19 19:02,2024-04-04 14:23,,,15.0,Arquivada
909484583,Professora ,,,,,Externo,Substituição,Nágila Fonseca ,CLT,0.0,Presencial,Arquivado,2024-04-09,2024-04-09 18:46,2024-04-22 19:47,,RECURSOS HUMANOS ,13.0,Arquivada
916604969,Auxiliar Pedagógico,,Pedagógico,,,Externo,Substituição,,,0.0,,Arquivado,2024-04-23,2024-04-23 11:29,2024-04-26 14:39,,,3.0,Arquivada
947332751,Professor de matemática ,,Pedagógico,,,Externo,Substituição,Orlando e Nathalia Souza,,22.0,Presencial,Arquivado,2024-06-20,2024-06-20 15:16,2024-08-02 12:15,,,42.0,Arquivada
951742132,Coordenação de Disciplina ,,Pedagógico,,,Externo,Aumento no quadro de funcionários,,,0.0,Presencial,Arquivado,2024-06-28,2024-06-28 21:17,2024-08-02 12:17,,,34.0,Arquivada
892697409,Recrutamento ,,,,,Interno,Aumento no quadro de funcionários,,,1800.0,Presencial,Arquivado,2024-03-16,2024-03-13 20:06,2024-03-15 13:21,,,1.0,Arquivada
1144512132,auxiliar do desenvolvimento infantil (ADI),Cordeiro,,Segunda a Sexta,6h às 15h45,Externo,Substituição,Rosana Maria Reis,,1526.0,Presencial,Arquivado,2025-05-19,2025-05-19 14:18,2025-06-05 13:54,,,16.0,Arquivada
1064745241,Zeladora,,Manutenção/operacional,,,Externo,Substituição,"Funcionária Paula Maria que será transferida para colégio Israelita . Considerar Viviane Cristina que fez seleção , mora na rua da escola e já era nossa folguista.",CLT,1475.0,Presencial,Arquivado,2025-01-22,2025-01-22 14:19,2025-07-08 20:12,,,167.0,Arquivada
1213373511,Professora Polivalente,Janga,Pedagógico,Segunda a Sexta,7h às 12h,Externo,Substituição,Professora polivalente Luiza Helena Bento Queiroz Do Nascimento,,2000.0,,Arquivado,,2025-09-12 18:24,2025-10-01 19:56,,,19.0,Arquivada
1291711299,PROFESSOR DE REDAÇÃO ,Boa Viagem,Pedagógico,Outros ( descrever no descritivo do horário),"08h05 às 11h55 
Intervalo 08h55 às 09h25",Externo,Substituição,Alba Valéria no turno da manhã ,CLT,0.0,Presencial,Arquivado,2026-02-02,2026-02-02 11:19,2026-02-10 14:17,leticiae.silva,,8.0,Arquivada
