aluno_sae_id,material_id,disciplina,serie,capitulo,pct_exercicios,exercicios_total,exercicios_feitos,data_extracao
0,68dd26dd6c4baa3baa783b0d,Arte,6º Ano,1,47.5,0,0,2026-02-09
0,68dd26dd6c4baa3baa783b0d,Arte,6º Ano,2,46.3,0,0,2026-02-09
0,68dd26dd6c4baa3baa783b0d,Arte,6º Ano,3,45.1,0,0,2026-02-09
0,68dd26dd6c4baa3baa783b0d,Arte,6º Ano,4,43.9,0,0,2026-02-09
0,68dd26dd6c4baa3baa783b0d,Arte,6º Ano,5,42.6,0,0,2026-02-09
0,68dd26dd6c4baa3baa783b0d,Arte,6º Ano,6,41.4,0,0,2026-02-09
0,68dd26dd6c4baa3baa783b0d,Arte,6º Ano,7,40.2,0,0,2026-02-09
0,68dd26dd6c4baa3baa783b0d,Arte,6º Ano,8,39.0,0,0,2026-02-09
0,68dd26dd6c4baa3baa783b0d,Arte,6º Ano,9,37.8,0,0,2026-02-09
0,68dd26dd6c4baa3baa783b0d,Arte,6º Ano,10,36.5,0,0,2026-02-09
0,68dd26dd6c4baa3baa783b0d,Arte,6º Ano,11,35.3,0,0,2026-02-09
0,68dd26dd6c4baa3baa783b0d,Arte,6º Ano,12,34.1,0,0,2026-02-09
0,68dd26dd6c4baa3baa783add,Ciências Naturais,6º Ano,1,47.5,0,0,2026-02-09
0,68dd26dd6c4baa3baa783add,Ciências Naturais,6º Ano,2,46.3,0,0,2026-02-09
0,68dd26dd6c4baa3baa783add,Ciências Naturais,6º Ano,3,45.1,0,0,2026-02-09
0,68dd26dd6c4baa3baa783add,Ciências Naturais,6º Ano,4,43.9,0,0,2026-02-09
0,68dd26dd6c4baa3baa783add,Ciências Naturais,6º Ano,5,42.6,0,0,2026-02-09
0,68dd26dd6c4baa3baa783add,Ciências Naturais,6º Ano,6,41.4,0,0,2026-02-09
0,68dd26dd6c4baa3baa783add,Ciências Naturais,6º Ano,7,40.2,0,0,2026-02-09
0,68dd26dd6c4baa3baa783add,Ciências Naturais,6º Ano,8,39.0,0,0,2026-02-09
0,68dd26dd6c4baa3baa783add,Ciências Naturais,6º Ano,9,37.8,0,0,2026-02-09
0,68dd26dd6c4baa3baa783add,Ciências Naturais,6º Ano,10,36.5,0,0,2026-02-09
0,68dd26dd6c4baa3baa783add,Ciências Naturais,6º Ano,11,35.3,0,0,2026-02-09
0,68dd26dd6c4baa3baa783add,Ciências Naturais,6º Ano,12,34.1,0,0,2026-02-09
0,68dd26ddea8d6e16559ec775,Educação Física,6º Ano,1,47.5,0,0,2026-02-09
0,68dd26ddea8d6e16559ec775,Educação Física,6º Ano,2,46.3,0,0,2026-02-09
0,68dd26ddea8d6e16559ec775,Educação Física,6º Ano,3,45.1,0,0,2026-02-09
0,68dd26ddea8d6e16559ec775,Educação Física,6º Ano,4,43.9,0,0,2026-02-09
0,68dd26ddea8d6e16559ec775,Educação Física,6º Ano,5,42.6,0,0,2026-02-09
0,68dd26ddea8d6e16559ec775,Educação Física,6º Ano,6,41.4,0,0,2026-02-09
0,68dd26ddea8d6e16559ec775,Educação Física,6º Ano,7,40.2,0,0,2026-02-09
0,68dd26ddea8d6e16559ec775,Educação Física,6º Ano,8,39.0,0,0,2026-02-09
0,68dd26ddea8d6e16559ec775,Educação Física,6º Ano,9,37.8,0,0,2026-02-09
0,68dd26ddea8d6e16559ec775,Educação Física,6º Ano,10,36.5,0,0,2026-02-09
0,68dd26ddea8d6e16559ec775,Educação Física,6º Ano,11,35.3,0,0,2026-02-09
0,68dd26ddea8d6e16559ec775,Educação Física,6º Ano,12,34.1,0,0,2026-02-09
0,68dd26ddc2a04f336ffecfc9,Filosofia,6º Ano,1,47.5,0,0,2026-02-09
0,68dd26ddc2a04f336ffecfc9,Filosofia,6º Ano,2,46.3,0,0,2026-02-09
0,68dd26ddc2a04f336ffecfc9,Filosofia,6º Ano,3,45.1,0,0,2026-02-09
0,68dd26ddc2a04f336ffecfc9,Filosofia,6º Ano,4,43.9,0,0,2026-02-09
0,68dd26ddc2a04f336ffecfc9,Filosofia,6º Ano,5,42.6,0,0,2026-02-09
0,68dd26ddc2a04f336ffecfc9,Filosofia,6º Ano,6,41.4,0,0,2026-02-09
0,68dd26ddc2a04f336ffecfc9,Filosofia,6º Ano,7,40.2,0,0,2026-02-09
0,68dd26ddc2a04f336ffecfc9,Filosofia,6º Ano,8,39.0,0,0,2026-02-09
0,68dd26ddc2a04f336ffecfc9,Filosofia,6º Ano,9,37.8,0,0,2026-02-09
0,68dd26ddc2a04f336ffecfc9,Filosofia,6º Ano,10,36.5,0,0,2026-02-09
0,68dd26ddc2a04f336ffecfc9,Filosofia,6º Ano,11,35.3,0,0,2026-02-09
0,68dd26ddc2a04f336ffecfc9,Filosofia,6º Ano,12,34.1,0,0,2026-02-09
0,68dd26ddc2a04f336ffecf99,Geografia,6º Ano,1,47.5,0,0,2026-02-09
0,68dd26ddc2a04f336ffecf99,Geografia,6º Ano,2,46.3,0,0,2026-02-09
0,68dd26ddc2a04f336ffecf99,Geografia,6º Ano,3,45.1,0,0,2026-02-09
0,68dd26ddc2a04f336ffecf99,Geografia,6º Ano,4,43.9,0,0,2026-02-09
0,68dd26ddc2a04f336ffecf99,Geografia,6º Ano,5,42.6,0,0,2026-02-09
0,68dd26ddc2a04f336ffecf99,Geografia,6º Ano,6,41.4,0,0,2026-02-09
0,68dd26ddc2a04f336ffecf99,Geografia,6º Ano,7,40.2,0,0,2026-02-09
0,68dd26ddc2a04f336ffecf99,Geografia,6º Ano,8,39.0,0,0,2026-02-09
0,68dd26ddc2a04f336ffecf99,Geografia,6º Ano,9,37.8,0,0,2026-02-09
0,68dd26ddc2a04f336ffecf99,Geografia,6º Ano,10,36.5,0,0,2026-02-09
0,68dd26ddc2a04f336ffecf99,Geografia,6º Ano,11,35.3,0,0,2026-02-09
0,68dd26ddc2a04f336ffecf99,Geografia,6º Ano,12,34.1,0,0,2026-02-09
0,68dd26ddea8d6e16559ec75b,História,6º Ano,1,47.5,0,0,2026-02-09
0,68dd26ddea8d6e16559ec75b,História,6º Ano,2,46.3,0,0,2026-02-09
0,68dd26ddea8d6e16559ec75b,História,6º Ano,3,45.1,0,0,2026-02-09
0,68dd26ddea8d6e16559ec75b,História,6º Ano,4,43.9,0,0,2026-02-09
0,68dd26ddea8d6e16559ec75b,História,6º Ano,5,42.6,0,0,2026-02-09
0,68dd26ddea8d6e16559ec75b,História,6º Ano,6,41.4,0,0,2026-02-09
0,68dd26ddea8d6e16559ec75b,História,6º Ano,7,40.2,0,0,2026-02-09
0,68dd26ddea8d6e16559ec75b,História,6º Ano,8,39.0,0,0,2026-02-09
0,68dd26ddea8d6e16559ec75b,História,6º Ano,9,37.8,0,0,2026-02-09
0,68dd26ddea8d6e16559ec75b,História,6º Ano,10,36.5,0,0,2026-02-09
0,68dd26ddea8d6e16559ec75b,História,6º Ano,11,35.3,0,0,2026-02-09
0,68dd26ddea8d6e16559ec75b,História,6º Ano,12,34.1,0,0,2026-02-09
0,68e64857ea8d6e16559ed53d,Ler e produzir,6º Ano,1,47.5,0,0,2026-02-09
0,68e64857ea8d6e16559ed53d,Ler e produzir,6º Ano,2,46.3,0,0,2026-02-09
0,68e64857ea8d6e16559ed53d,Ler e produzir,6º Ano,3,45.1,0,0,2026-02-09
0,68e64857ea8d6e16559ed53d,Ler e produzir,6º Ano,4,43.9,0,0,2026-02-09
0,68e64857ea8d6e16559ed53d,Ler e produzir,6º Ano,5,42.6,0,0,2026-02-09
0,68e64857ea8d6e16559ed53d,Ler e produzir,6º Ano,6,41.4,0,0,2026-02-09
0,68e64857ea8d6e16559ed53d,Ler e produzir,6º Ano,7,40.2,0,0,2026-02-09
0,68e64857ea8d6e16559ed53d,Ler e produzir,6º Ano,8,39.0,0,0,2026-02-09
0,68e64857ea8d6e16559ed53d,Ler e produzir,6º Ano,9,37.8,0,0,2026-02-09
0,68e64857ea8d6e16559ed53d,Ler e produzir,6º Ano,10,36.5,0,0,2026-02-09
0,68e64857ea8d6e16559ed53d,Ler e produzir,6º Ano,11,35.3,0,0,2026-02-09
0,68e64857ea8d6e16559ed53d,Ler e produzir,6º Ano,12,34.1,0,0,2026-02-09
0,68dd26ddea8d6e16559ec78b,Língua Estrangeira Inglês,6º Ano,1,47.5,0,0,2026-02-09
0,68dd26ddea8d6e16559ec78b,Língua Estrangeira Inglês,6º Ano,2,46.3,0,0,2026-02-09
0,68dd26ddea8d6e16559ec78b,Língua Estrangeira Inglês,6º Ano,3,45.1,0,0,2026-02-09
0,68dd26ddea8d6e16559ec78b,Língua Estrangeira Inglês,6º Ano,4,43.9,0,0,2026-02-09
0,68dd26ddea8d6e16559ec78b,Língua Estrangeira Inglês,6º Ano,5,42.6,0,0,2026-02-09
0,68dd26ddea8d6e16559ec78b,Língua Estrangeira Inglês,6º Ano,6,41.4,0,0,2026-02-09
0,68dd26ddea8d6e16559ec78b,Língua Estrangeira Inglês,6º Ano,7,40.2,0,0,2026-02-09
0,68dd26ddea8d6e16559ec78b,Língua Estrangeira Inglês,6º Ano,8,39.0,0,0,2026-02-09
0,68dd26ddea8d6e16559ec78b,Língua Estrangeira Inglês,6º Ano,9,37.8,0,0,2026-02-09
0,68dd26ddea8d6e16559ec78b,Língua Estrangeira Inglês,6º Ano,10,36.5,0,0,2026-02-09
0,68dd26ddea8d6e16559ec78b,Língua Estrangeira Inglês,6º Ano,11,35.3,0,0,2026-02-09
0,68dd26ddea8d6e16559ec78b,Língua Estrangeira Inglês,6º Ano,12,34.1,0,0,2026-02-09
0,68dd26ddc2a04f336ffecfb3,Língua Portuguesa,6º Ano,1,47.5,0,0,2026-02-09
0,68dd26ddc2a04f336ffecfb3,Língua Portuguesa,6º Ano,2,46.3,0,0,2026-02-09
0,68dd26ddc2a04f336ffecfb3,Língua Portuguesa,6º Ano,3,45.1,0,0,2026-02-09
0,68dd26ddc2a04f336ffecfb3,Língua Portuguesa,6º Ano,4,43.9,0,0,2026-02-09
0,68dd26ddc2a04f336ffecfb3,Língua Portuguesa,6º Ano,5,42.6,0,0,2026-02-09
0,68dd26ddc2a04f336ffecfb3,Língua Portuguesa,6º Ano,6,41.4,0,0,2026-02-09
0,68dd26ddc2a04f336ffecfb3,Língua Portuguesa,6º Ano,7,40.2,0,0,2026-02-09
0,68dd26ddc2a04f336ffecfb3,Língua Portuguesa,6º Ano,8,39.0,0,0,2026-02-09
0,68dd26ddc2a04f336ffecfb3,Língua Portuguesa,6º Ano,9,37.8,0,0,2026-02-09
0,68dd26ddc2a04f336ffecfb3,Língua Portuguesa,6º Ano,10,36.5,0,0,2026-02-09
0,68dd26ddc2a04f336ffecfb3,Língua Portuguesa,6º Ano,11,35.3,0,0,2026-02-09
0,68dd26ddc2a04f336ffecfb3,Língua Portuguesa,6º Ano,12,34.1,0,0,2026-02-09
0,68dd26dd6c4baa3baa783af7,Matemática,6º Ano,1,47.5,0,0,2026-02-09
0,68dd26dd6c4baa3baa783af7,Matemática,6º Ano,2,46.3,0,0,2026-02-09
0,68dd26dd6c4baa3baa783af7,Matemática,6º Ano,3,45.1,0,0,2026-02-09
0,68dd26dd6c4baa3baa783af7,Matemática,6º Ano,4,43.9,0,0,2026-02-09
0,68dd26dd6c4baa3baa783af7,Matemática,6º Ano,5,42.6,0,0,2026-02-09
0,68dd26dd6c4baa3baa783af7,Matemática,6º Ano,6,41.4,0,0,2026-02-09
0,68dd26dd6c4baa3baa783af7,Matemática,6º Ano,7,40.2,0,0,2026-02-09
0,68dd26dd6c4baa3baa783af7,Matemática,6º Ano,8,39.0,0,0,2026-02-09
0,68dd26dd6c4baa3baa783af7,Matemática,6º Ano,9,37.8,0,0,2026-02-09
0,68dd26dd6c4baa3baa783af7,Matemática,6º Ano,10,36.5,0,0,2026-02-09
0,68dd26dd6c4baa3baa783af7,Matemática,6º Ano,11,35.3,0,0,2026-02-09
0,68dd26dd6c4baa3baa783af7,Matemática,6º Ano,12,34.1,0,0,2026-02-09
0,68dd26dec2a04f336ffed013,Arte,7º Ano,1,47.5,0,0,2026-02-09
0,68dd26dec2a04f336ffed013,Arte,7º Ano,2,46.3,0,0,2026-02-09
0,68dd26dec2a04f336ffed013,Arte,7º Ano,3,45.1,0,0,2026-02-09
0,68dd26dec2a04f336ffed013,Arte,7º Ano,4,43.9,0,0,2026-02-09
0,68dd26dec2a04f336ffed013,Arte,7º Ano,5,42.6,0,0,2026-02-09
0,68dd26dec2a04f336ffed013,Arte,7º Ano,6,41.4,0,0,2026-02-09
0,68dd26dec2a04f336ffed013,Arte,7º Ano,7,40.2,0,0,2026-02-09
0,68dd26dec2a04f336ffed013,Arte,7º Ano,8,39.0,0,0,2026-02-09
0,68dd26dec2a04f336ffed013,Arte,7º Ano,9,37.8,0,0,2026-02-09
0,68dd26dec2a04f336ffed013,Arte,7º Ano,10,36.5,0,0,2026-02-09
0,68dd26dec2a04f336ffed013,Arte,7º Ano,11,35.3,0,0,2026-02-09
0,68dd26dec2a04f336ffed013,Arte,7º Ano,12,34.1,0,0,2026-02-09
0,68dd26dec2a04f336ffecfe3,Ciências Naturais,7º Ano,1,47.5,0,0,2026-02-09
0,68dd26dec2a04f336ffecfe3,Ciências Naturais,7º Ano,2,46.3,0,0,2026-02-09
0,68dd26dec2a04f336ffecfe3,Ciências Naturais,7º Ano,3,45.1,0,0,2026-02-09
0,68dd26dec2a04f336ffecfe3,Ciências Naturais,7º Ano,4,43.9,0,0,2026-02-09
0,68dd26dec2a04f336ffecfe3,Ciências Naturais,7º Ano,5,42.6,0,0,2026-02-09
0,68dd26dec2a04f336ffecfe3,Ciências Naturais,7º Ano,6,41.4,0,0,2026-02-09
0,68dd26dec2a04f336ffecfe3,Ciências Naturais,7º Ano,7,40.2,0,0,2026-02-09
0,68dd26dec2a04f336ffecfe3,Ciências Naturais,7º Ano,8,39.0,0,0,2026-02-09
0,68dd26dec2a04f336ffecfe3,Ciências Naturais,7º Ano,9,37.8,0,0,2026-02-09
0,68dd26dec2a04f336ffecfe3,Ciências Naturais,7º Ano,10,36.5,0,0,2026-02-09
0,68dd26dec2a04f336ffecfe3,Ciências Naturais,7º Ano,11,35.3,0,0,2026-02-09
0,68dd26dec2a04f336ffecfe3,Ciências Naturais,7º Ano,12,34.1,0,0,2026-02-09
0,68dd26de6c4baa3baa783b55,Educação Física,7º Ano,1,47.5,0,0,2026-02-09
0,68dd26de6c4baa3baa783b55,Educação Física,7º Ano,2,46.3,0,0,2026-02-09
0,68dd26de6c4baa3baa783b55,Educação Física,7º Ano,3,45.1,0,0,2026-02-09
0,68dd26de6c4baa3baa783b55,Educação Física,7º Ano,4,43.9,0,0,2026-02-09
0,68dd26de6c4baa3baa783b55,Educação Física,7º Ano,5,42.6,0,0,2026-02-09
0,68dd26de6c4baa3baa783b55,Educação Física,7º Ano,6,41.4,0,0,2026-02-09
0,68dd26de6c4baa3baa783b55,Educação Física,7º Ano,7,40.2,0,0,2026-02-09
0,68dd26de6c4baa3baa783b55,Educação Física,7º Ano,8,39.0,0,0,2026-02-09
0,68dd26de6c4baa3baa783b55,Educação Física,7º Ano,9,37.8,0,0,2026-02-09
0,68dd26de6c4baa3baa783b55,Educação Física,7º Ano,10,36.5,0,0,2026-02-09
0,68dd26de6c4baa3baa783b55,Educação Física,7º Ano,11,35.3,0,0,2026-02-09
0,68dd26de6c4baa3baa783b55,Educação Física,7º Ano,12,34.1,0,0,2026-02-09
0,68dd26deea8d6e16559ec7d5,Filosofia,7º Ano,1,47.5,0,0,2026-02-09
0,68dd26deea8d6e16559ec7d5,Filosofia,7º Ano,2,46.3,0,0,2026-02-09
0,68dd26deea8d6e16559ec7d5,Filosofia,7º Ano,3,45.1,0,0,2026-02-09
0,68dd26deea8d6e16559ec7d5,Filosofia,7º Ano,4,43.9,0,0,2026-02-09
0,68dd26deea8d6e16559ec7d5,Filosofia,7º Ano,5,42.6,0,0,2026-02-09
0,68dd26deea8d6e16559ec7d5,Filosofia,7º Ano,6,41.4,0,0,2026-02-09
0,68dd26deea8d6e16559ec7d5,Filosofia,7º Ano,7,40.2,0,0,2026-02-09
0,68dd26deea8d6e16559ec7d5,Filosofia,7º Ano,8,39.0,0,0,2026-02-09
0,68dd26deea8d6e16559ec7d5,Filosofia,7º Ano,9,37.8,0,0,2026-02-09
0,68dd26deea8d6e16559ec7d5,Filosofia,7º Ano,10,36.5,0,0,2026-02-09
0,68dd26deea8d6e16559ec7d5,Filosofia,7º Ano,11,35.3,0,0,2026-02-09
0,68dd26deea8d6e16559ec7d5,Filosofia,7º Ano,12,34.1,0,0,2026-02-09
0,68dd26deea8d6e16559ec7a5,Geografia,7º Ano,1,47.5,0,0,2026-02-09
0,68dd26deea8d6e16559ec7a5,Geografia,7º Ano,2,46.3,0,0,2026-02-09
0,68dd26deea8d6e16559ec7a5,Geografia,7º Ano,3,45.1,0,0,2026-02-09
0,68dd26deea8d6e16559ec7a5,Geografia,7º Ano,4,43.9,0,0,2026-02-09
0,68dd26deea8d6e16559ec7a5,Geografia,7º Ano,5,42.6,0,0,2026-02-09
0,68dd26deea8d6e16559ec7a5,Geografia,7º Ano,6,41.4,0,0,2026-02-09
0,68dd26deea8d6e16559ec7a5,Geografia,7º Ano,7,40.2,0,0,2026-02-09
0,68dd26deea8d6e16559ec7a5,Geografia,7º Ano,8,39.0,0,0,2026-02-09
0,68dd26deea8d6e16559ec7a5,Geografia,7º Ano,9,37.8,0,0,2026-02-09
0,68dd26deea8d6e16559ec7a5,Geografia,7º Ano,10,36.5,0,0,2026-02-09
0,68dd26deea8d6e16559ec7a5,Geografia,7º Ano,11,35.3,0,0,2026-02-09
0,68dd26deea8d6e16559ec7a5,Geografia,7º Ano,12,34.1,0,0,2026-02-09
0,68dd26de6c4baa3baa783b3b,História,7º Ano,1,47.5,0,0,2026-02-09
0,68dd26de6c4baa3baa783b3b,História,7º Ano,2,46.3,0,0,2026-02-09
0,68dd26de6c4baa3baa783b3b,História,7º Ano,3,45.1,0,0,2026-02-09
0,68dd26de6c4baa3baa783b3b,História,7º Ano,4,43.9,0,0,2026-02-09
0,68dd26de6c4baa3baa783b3b,História,7º Ano,5,42.6,0,0,2026-02-09
0,68dd26de6c4baa3baa783b3b,História,7º Ano,6,41.4,0,0,2026-02-09
0,68dd26de6c4baa3baa783b3b,História,7º Ano,7,40.2,0,0,2026-02-09
0,68dd26de6c4baa3baa783b3b,História,7º Ano,8,39.0,0,0,2026-02-09
0,68dd26de6c4baa3baa783b3b,História,7º Ano,9,37.8,0,0,2026-02-09
0,68dd26de6c4baa3baa783b3b,História,7º Ano,10,36.5,0,0,2026-02-09
0,68dd26de6c4baa3baa783b3b,História,7º Ano,11,35.3,0,0,2026-02-09
0,68dd26de6c4baa3baa783b3b,História,7º Ano,12,34.1,0,0,2026-02-09
0,68e64857ea8d6e16559ed523,Ler e produzir,7º Ano,1,47.5,0,0,2026-02-09
0,68e64857ea8d6e16559ed523,Ler e produzir,7º Ano,2,46.3,0,0,2026-02-09
0,68e64857ea8d6e16559ed523,Ler e produzir,7º Ano,3,45.1,0,0,2026-02-09
0,68e64857ea8d6e16559ed523,Ler e produzir,7º Ano,4,43.9,0,0,2026-02-09
0,68e64857ea8d6e16559ed523,Ler e produzir,7º Ano,5,42.6,0,0,2026-02-09
0,68e64857ea8d6e16559ed523,Ler e produzir,7º Ano,6,41.4,0,0,2026-02-09
0,68e64857ea8d6e16559ed523,Ler e produzir,7º Ano,7,40.2,0,0,2026-02-09
0,68e64857ea8d6e16559ed523,Ler e produzir,7º Ano,8,39.0,0,0,2026-02-09
0,68e64857ea8d6e16559ed523,Ler e produzir,7º Ano,9,37.8,0,0,2026-02-09
0,68e64857ea8d6e16559ed523,Ler e produzir,7º Ano,10,36.5,0,0,2026-02-09
0,68e64857ea8d6e16559ed523,Ler e produzir,7º Ano,11,35.3,0,0,2026-02-09
0,68e64857ea8d6e16559ed523,Ler e produzir,7º Ano,12,34.1,0,0,2026-02-09
0,68dd26de6c4baa3baa783b6b,Língua Estrangeira Inglês,7º Ano,1,47.5,0,0,2026-02-09
0,68dd26de6c4baa3baa783b6b,Língua Estrangeira Inglês,7º Ano,2,46.3,0,0,2026-02-09
0,68dd26de6c4baa3baa783b6b,Língua Estrangeira Inglês,7º Ano,3,45.1,0,0,2026-02-09
0,68dd26de6c4baa3baa783b6b,Língua Estrangeira Inglês,7º Ano,4,43.9,0,0,2026-02-09
0,68dd26de6c4baa3baa783b6b,Língua Estrangeira Inglês,7º Ano,5,42.6,0,0,2026-02-09
0,68dd26de6c4baa3baa783b6b,Língua Estrangeira Inglês,7º Ano,6,41.4,0,0,2026-02-09
0,68dd26de6c4baa3baa783b6b,Língua Estrangeira Inglês,7º Ano,7,40.2,0,0,2026-02-09
0,68dd26de6c4baa3baa783b6b,Língua Estrangeira Inglês,7º Ano,8,39.0,0,0,2026-02-09
0,68dd26de6c4baa3baa783b6b,Língua Estrangeira Inglês,7º Ano,9,37.8,0,0,2026-02-09
0,68dd26de6c4baa3baa783b6b,Língua Estrangeira Inglês,7º Ano,10,36.5,0,0,2026-02-09
0,68dd26de6c4baa3baa783b6b,Língua Estrangeira Inglês,7º Ano,11,35.3,0,0,2026-02-09
0,68dd26de6c4baa3baa783b6b,Língua Estrangeira Inglês,7º Ano,12,34.1,0,0,2026-02-09
0,68dd26deea8d6e16559ec7bf,Língua Portuguesa,7º Ano,1,47.5,0,0,2026-02-09
0,68dd26deea8d6e16559ec7bf,Língua Portuguesa,7º Ano,2,46.3,0,0,2026-02-09
0,68dd26deea8d6e16559ec7bf,Língua Portuguesa,7º Ano,3,45.1,0,0,2026-02-09
0,68dd26deea8d6e16559ec7bf,Língua Portuguesa,7º Ano,4,43.9,0,0,2026-02-09
0,68dd26deea8d6e16559ec7bf,Língua Portuguesa,7º Ano,5,42.6,0,0,2026-02-09
0,68dd26deea8d6e16559ec7bf,Língua Portuguesa,7º Ano,6,41.4,0,0,2026-02-09
0,68dd26deea8d6e16559ec7bf,Língua Portuguesa,7º Ano,7,40.2,0,0,2026-02-09
0,68dd26deea8d6e16559ec7bf,Língua Portuguesa,7º Ano,8,39.0,0,0,2026-02-09
0,68dd26deea8d6e16559ec7bf,Língua Portuguesa,7º Ano,9,37.8,0,0,2026-02-09
0,68dd26deea8d6e16559ec7bf,Língua Portuguesa,7º Ano,10,36.5,0,0,2026-02-09
0,68dd26deea8d6e16559ec7bf,Língua Portuguesa,7º Ano,11,35.3,0,0,2026-02-09
0,68dd26deea8d6e16559ec7bf,Língua Portuguesa,7º Ano,12,34.1,0,0,2026-02-09
0,68dd26dec2a04f336ffecffd,Matemática,7º Ano,1,47.5,0,0,2026-02-09
0,68dd26dec2a04f336ffecffd,Matemática,7º Ano,2,46.3,0,0,2026-02-09
0,68dd26dec2a04f336ffecffd,Matemática,7º Ano,3,45.1,0,0,2026-02-09
0,68dd26dec2a04f336ffecffd,Matemática,7º Ano,4,43.9,0,0,2026-02-09
0,68dd26dec2a04f336ffecffd,Matemática,7º Ano,5,42.6,0,0,2026-02-09
0,68dd26dec2a04f336ffecffd,Matemática,7º Ano,6,41.4,0,0,2026-02-09
0,68dd26dec2a04f336ffecffd,Matemática,7º Ano,7,40.2,0,0,2026-02-09
0,68dd26dec2a04f336ffecffd,Matemática,7º Ano,8,39.0,0,0,2026-02-09
0,68dd26dec2a04f336ffecffd,Matemática,7º Ano,9,37.8,0,0,2026-02-09
0,68dd26dec2a04f336ffecffd,Matemática,7º Ano,10,36.5,0,0,2026-02-09
0,68dd26dec2a04f336ffecffd,Matemática,7º Ano,11,35.3,0,0,2026-02-09
0,68dd26dec2a04f336ffecffd,Matemática,7º Ano,12,34.1,0,0,2026-02-09
0,68dd26deea8d6e16559ec832,Arte,8º Ano,1,47.5,0,0,2026-02-09
0,68dd26deea8d6e16559ec832,Arte,8º Ano,2,46.3,0,0,2026-02-09
0,68dd26deea8d6e16559ec832,Arte,8º Ano,3,45.1,0,0,2026-02-09
0,68dd26deea8d6e16559ec832,Arte,8º Ano,4,43.9,0,0,2026-02-09
0,68dd26deea8d6e16559ec832,Arte,8º Ano,5,42.6,0,0,2026-02-09
0,68dd26deea8d6e16559ec832,Arte,8º Ano,6,41.4,0,0,2026-02-09
0,68dd26deea8d6e16559ec832,Arte,8º Ano,7,40.2,0,0,2026-02-09
0,68dd26deea8d6e16559ec832,Arte,8º Ano,8,39.0,0,0,2026-02-09
0,68dd26deea8d6e16559ec832,Arte,8º Ano,9,37.8,0,0,2026-02-09
0,68dd26deea8d6e16559ec832,Arte,8º Ano,10,36.5,0,0,2026-02-09
0,68dd26deea8d6e16559ec832,Arte,8º Ano,11,35.3,0,0,2026-02-09
0,68dd26deea8d6e16559ec832,Arte,8º Ano,12,34.1,0,0,2026-02-09
0,68dd26deea8d6e16559ec7ee,Ciências Naturais,8º Ano,1,47.5,0,0,2026-02-09
0,68dd26deea8d6e16559ec7ee,Ciências Naturais,8º Ano,2,46.3,0,0,2026-02-09
0,68dd26deea8d6e16559ec7ee,Ciências Naturais,8º Ano,3,45.1,0,0,2026-02-09
0,68dd26deea8d6e16559ec7ee,Ciências Naturais,8º Ano,4,43.9,0,0,2026-02-09
0,68dd26deea8d6e16559ec7ee,Ciências Naturais,8º Ano,5,42.6,0,0,2026-02-09
0,68dd26deea8d6e16559ec7ee,Ciências Naturais,8º Ano,6,41.4,0,0,2026-02-09
0,68dd26deea8d6e16559ec7ee,Ciências Naturais,8º Ano,7,40.2,0,0,2026-02-09
0,68dd26deea8d6e16559ec7ee,Ciências Naturais,8º Ano,8,39.0,0,0,2026-02-09
0,68dd26deea8d6e16559ec7ee,Ciências Naturais,8º Ano,9,37.8,0,0,2026-02-09
0,68dd26deea8d6e16559ec7ee,Ciências Naturais,8º Ano,10,36.5,0,0,2026-02-09
0,68dd26deea8d6e16559ec7ee,Ciências Naturais,8º Ano,11,35.3,0,0,2026-02-09
0,68dd26deea8d6e16559ec7ee,Ciências Naturais,8º Ano,12,34.1,0,0,2026-02-09
0,68dd26dec2a04f336ffed05f,Educação Física,8º Ano,1,47.5,0,0,2026-02-09
0,68dd26dec2a04f336ffed05f,Educação Física,8º Ano,2,46.3,0,0,2026-02-09
0,68dd26dec2a04f336ffed05f,Educação Física,8º Ano,3,45.1,0,0,2026-02-09
0,68dd26dec2a04f336ffed05f,Educação Física,8º Ano,4,43.9,0,0,2026-02-09
0,68dd26dec2a04f336ffed05f,Educação Física,8º Ano,5,42.6,0,0,2026-02-09
0,68dd26dec2a04f336ffed05f,Educação Física,8º Ano,6,41.4,0,0,2026-02-09
0,68dd26dec2a04f336ffed05f,Educação Física,8º Ano,7,40.2,0,0,2026-02-09
0,68dd26dec2a04f336ffed05f,Educação Física,8º Ano,8,39.0,0,0,2026-02-09
0,68dd26dec2a04f336ffed05f,Educação Física,8º Ano,9,37.8,0,0,2026-02-09
0,68dd26dec2a04f336ffed05f,Educação Física,8º Ano,10,36.5,0,0,2026-02-09
0,68dd26dec2a04f336ffed05f,Educação Física,8º Ano,11,35.3,0,0,2026-02-09
0,68dd26dec2a04f336ffed05f,Educação Física,8º Ano,12,34.1,0,0,2026-02-09
0,68dd26de6c4baa3baa783bc3,Filosofia,8º Ano,1,47.5,0,0,2026-02-09
0,68dd26de6c4baa3baa783bc3,Filosofia,8º Ano,2,46.3,0,0,2026-02-09
0,68dd26de6c4baa3baa783bc3,Filosofia,8º Ano,3,45.1,0,0,2026-02-09
0,68dd26de6c4baa3baa783bc3,Filosofia,8º Ano,4,43.9,0,0,2026-02-09
0,68dd26de6c4baa3baa783bc3,Filosofia,8º Ano,5,42.6,0,0,2026-02-09
0,68dd26de6c4baa3baa783bc3,Filosofia,8º Ano,6,41.4,0,0,2026-02-09
0,68dd26de6c4baa3baa783bc3,Filosofia,8º Ano,7,40.2,0,0,2026-02-09
0,68dd26de6c4baa3baa783bc3,Filosofia,8º Ano,8,39.0,0,0,2026-02-09
0,68dd26de6c4baa3baa783bc3,Filosofia,8º Ano,9,37.8,0,0,2026-02-09
0,68dd26de6c4baa3baa783bc3,Filosofia,8º Ano,10,36.5,0,0,2026-02-09
0,68dd26de6c4baa3baa783bc3,Filosofia,8º Ano,11,35.3,0,0,2026-02-09
0,68dd26de6c4baa3baa783bc3,Filosofia,8º Ano,12,34.1,0,0,2026-02-09
0,68dd26de6c4baa3baa783b8a,Geografia,8º Ano,1,47.5,0,0,2026-02-09
0,68dd26de6c4baa3baa783b8a,Geografia,8º Ano,2,46.3,0,0,2026-02-09
0,68dd26de6c4baa3baa783b8a,Geografia,8º Ano,3,45.1,0,0,2026-02-09
0,68dd26de6c4baa3baa783b8a,Geografia,8º Ano,4,43.9,0,0,2026-02-09
0,68dd26de6c4baa3baa783b8a,Geografia,8º Ano,5,42.6,0,0,2026-02-09
0,68dd26de6c4baa3baa783b8a,Geografia,8º Ano,6,41.4,0,0,2026-02-09
0,68dd26de6c4baa3baa783b8a,Geografia,8º Ano,7,40.2,0,0,2026-02-09
0,68dd26de6c4baa3baa783b8a,Geografia,8º Ano,8,39.0,0,0,2026-02-09
0,68dd26de6c4baa3baa783b8a,Geografia,8º Ano,9,37.8,0,0,2026-02-09
0,68dd26de6c4baa3baa783b8a,Geografia,8º Ano,10,36.5,0,0,2026-02-09
0,68dd26de6c4baa3baa783b8a,Geografia,8º Ano,11,35.3,0,0,2026-02-09
0,68dd26de6c4baa3baa783b8a,Geografia,8º Ano,12,34.1,0,0,2026-02-09
0,68dd26dec2a04f336ffed049,História,8º Ano,1,47.5,0,0,2026-02-09
0,68dd26dec2a04f336ffed049,História,8º Ano,2,46.3,0,0,2026-02-09
0,68dd26dec2a04f336ffed049,História,8º Ano,3,45.1,0,0,2026-02-09
0,68dd26dec2a04f336ffed049,História,8º Ano,4,43.9,0,0,2026-02-09
0,68dd26dec2a04f336ffed049,História,8º Ano,5,42.6,0,0,2026-02-09
0,68dd26dec2a04f336ffed049,História,8º Ano,6,41.4,0,0,2026-02-09
0,68dd26dec2a04f336ffed049,História,8º Ano,7,40.2,0,0,2026-02-09
0,68dd26dec2a04f336ffed049,História,8º Ano,8,39.0,0,0,2026-02-09
0,68dd26dec2a04f336ffed049,História,8º Ano,9,37.8,0,0,2026-02-09
0,68dd26dec2a04f336ffed049,História,8º Ano,10,36.5,0,0,2026-02-09
0,68dd26dec2a04f336ffed049,História,8º Ano,11,35.3,0,0,2026-02-09
0,68dd26dec2a04f336ffed049,História,8º Ano,12,34.1,0,0,2026-02-09
0,68e6485740d7b11fcd057594,Ler e produzir,8º Ano,1,47.5,0,0,2026-02-09
0,68e6485740d7b11fcd057594,Ler e produzir,8º Ano,2,46.3,0,0,2026-02-09
0,68e6485740d7b11fcd057594,Ler e produzir,8º Ano,3,45.1,0,0,2026-02-09
0,68e6485740d7b11fcd057594,Ler e produzir,8º Ano,4,43.9,0,0,2026-02-09
0,68e6485740d7b11fcd057594,Ler e produzir,8º Ano,5,42.6,0,0,2026-02-09
0,68e6485740d7b11fcd057594,Ler e produzir,8º Ano,6,41.4,0,0,2026-02-09
0,68e6485740d7b11fcd057594,Ler e produzir,8º Ano,7,40.2,0,0,2026-02-09
0,68e6485740d7b11fcd057594,Ler e produzir,8º Ano,8,39.0,0,0,2026-02-09
0,68e6485740d7b11fcd057594,Ler e produzir,8º Ano,9,37.8,0,0,2026-02-09
0,68e6485740d7b11fcd057594,Ler e produzir,8º Ano,10,36.5,0,0,2026-02-09
0,68e6485740d7b11fcd057594,Ler e produzir,8º Ano,11,35.3,0,0,2026-02-09
0,68e6485740d7b11fcd057594,Ler e produzir,8º Ano,12,34.1,0,0,2026-02-09
0,68dd26dec2a04f336ffed079,Língua Estrangeira Inglês,8º Ano,1,47.5,0,0,2026-02-09
0,68dd26dec2a04f336ffed079,Língua Estrangeira Inglês,8º Ano,2,46.3,0,0,2026-02-09
0,68dd26dec2a04f336ffed079,Língua Estrangeira Inglês,8º Ano,3,45.1,0,0,2026-02-09
0,68dd26dec2a04f336ffed079,Língua Estrangeira Inglês,8º Ano,4,43.9,0,0,2026-02-09
0,68dd26dec2a04f336ffed079,Língua Estrangeira Inglês,8º Ano,5,42.6,0,0,2026-02-09
0,68dd26dec2a04f336ffed079,Língua Estrangeira Inglês,8º Ano,6,41.4,0,0,2026-02-09
0,68dd26dec2a04f336ffed079,Língua Estrangeira Inglês,8º Ano,7,40.2,0,0,2026-02-09
0,68dd26dec2a04f336ffed079,Língua Estrangeira Inglês,8º Ano,8,39.0,0,0,2026-02-09
0,68dd26dec2a04f336ffed079,Língua Estrangeira Inglês,8º Ano,9,37.8,0,0,2026-02-09
0,68dd26dec2a04f336ffed079,Língua Estrangeira Inglês,8º Ano,10,36.5,0,0,2026-02-09
0,68dd26dec2a04f336ffed079,Língua Estrangeira Inglês,8º Ano,11,35.3,0,0,2026-02-09
0,68dd26dec2a04f336ffed079,Língua Estrangeira Inglês,8º Ano,12,34.1,0,0,2026-02-09
0,68dd26de6c4baa3baa783bad,Língua Portuguesa,8º Ano,1,47.5,0,0,2026-02-09
0,68dd26de6c4baa3baa783bad,Língua Portuguesa,8º Ano,2,46.3,0,0,2026-02-09
0,68dd26de6c4baa3baa783bad,Língua Portuguesa,8º Ano,3,45.1,0,0,2026-02-09
0,68dd26de6c4baa3baa783bad,Língua Portuguesa,8º Ano,4,43.9,0,0,2026-02-09
0,68dd26de6c4baa3baa783bad,Língua Portuguesa,8º Ano,5,42.6,0,0,2026-02-09
0,68dd26de6c4baa3baa783bad,Língua Portuguesa,8º Ano,6,41.4,0,0,2026-02-09
0,68dd26de6c4baa3baa783bad,Língua Portuguesa,8º Ano,7,40.2,0,0,2026-02-09
0,68dd26de6c4baa3baa783bad,Língua Portuguesa,8º Ano,8,39.0,0,0,2026-02-09
0,68dd26de6c4baa3baa783bad,Língua Portuguesa,8º Ano,9,37.8,0,0,2026-02-09
0,68dd26de6c4baa3baa783bad,Língua Portuguesa,8º Ano,10,36.5,0,0,2026-02-09
0,68dd26de6c4baa3baa783bad,Língua Portuguesa,8º Ano,11,35.3,0,0,2026-02-09
0,68dd26de6c4baa3baa783bad,Língua Portuguesa,8º Ano,12,34.1,0,0,2026-02-09
0,68dd26deea8d6e16559ec818,Matemática,8º Ano,1,47.5,0,0,2026-02-09
0,68dd26deea8d6e16559ec818,Matemática,8º Ano,2,46.3,0,0,2026-02-09
0,68dd26deea8d6e16559ec818,Matemática,8º Ano,3,45.1,0,0,2026-02-09
0,68dd26deea8d6e16559ec818,Matemática,8º Ano,4,43.9,0,0,2026-02-09
0,68dd26deea8d6e16559ec818,Matemática,8º Ano,5,42.6,0,0,2026-02-09
0,68dd26deea8d6e16559ec818,Matemática,8º Ano,6,41.4,0,0,2026-02-09
0,68dd26deea8d6e16559ec818,Matemática,8º Ano,7,40.2,0,0,2026-02-09
0,68dd26deea8d6e16559ec818,Matemática,8º Ano,8,39.0,0,0,2026-02-09
0,68dd26deea8d6e16559ec818,Matemática,8º Ano,9,37.8,0,0,2026-02-09
0,68dd26deea8d6e16559ec818,Matemática,8º Ano,10,36.5,0,0,2026-02-09
0,68dd26deea8d6e16559ec818,Matemática,8º Ano,11,35.3,0,0,2026-02-09
0,68dd26deea8d6e16559ec818,Matemática,8º Ano,12,34.1,0,0,2026-02-09
0,68dd26de6c4baa3baa783c1e,Arte,9º Ano,1,47.5,0,0,2026-02-09
0,68dd26de6c4baa3baa783c1e,Arte,9º Ano,2,46.3,0,0,2026-02-09
0,68dd26de6c4baa3baa783c1e,Arte,9º Ano,3,45.1,0,0,2026-02-09
0,68dd26de6c4baa3baa783c1e,Arte,9º Ano,4,43.9,0,0,2026-02-09
0,68dd26de6c4baa3baa783c1e,Arte,9º Ano,5,42.6,0,0,2026-02-09
0,68dd26de6c4baa3baa783c1e,Arte,9º Ano,6,41.4,0,0,2026-02-09
0,68dd26de6c4baa3baa783c1e,Arte,9º Ano,7,40.2,0,0,2026-02-09
0,68dd26de6c4baa3baa783c1e,Arte,9º Ano,8,39.0,0,0,2026-02-09
0,68dd26de6c4baa3baa783c1e,Arte,9º Ano,9,37.8,0,0,2026-02-09
0,68dd26de6c4baa3baa783c1e,Arte,9º Ano,10,36.5,0,0,2026-02-09
0,68dd26de6c4baa3baa783c1e,Arte,9º Ano,11,35.3,0,0,2026-02-09
0,68dd26de6c4baa3baa783c1e,Arte,9º Ano,12,34.1,0,0,2026-02-09
0,68e64e90ea8d6e16559ed8c3,Biologia,9º Ano,1,47.5,0,0,2026-02-09
0,68e64e90ea8d6e16559ed8c3,Biologia,9º Ano,2,46.3,0,0,2026-02-09
0,68e64e90ea8d6e16559ed8c3,Biologia,9º Ano,3,45.1,0,0,2026-02-09
0,68e64e90ea8d6e16559ed8c3,Biologia,9º Ano,4,43.9,0,0,2026-02-09
0,68e64e90ea8d6e16559ed8c3,Biologia,9º Ano,5,42.6,0,0,2026-02-09
0,68e64e90ea8d6e16559ed8c3,Biologia,9º Ano,6,41.4,0,0,2026-02-09
0,68e64e90ea8d6e16559ed8c3,Biologia,9º Ano,7,40.2,0,0,2026-02-09
0,68e64e90ea8d6e16559ed8c3,Biologia,9º Ano,8,39.0,0,0,2026-02-09
0,68e64e90ea8d6e16559ed8c3,Biologia,9º Ano,9,37.8,0,0,2026-02-09
0,68e64e90ea8d6e16559ed8c3,Biologia,9º Ano,10,36.5,0,0,2026-02-09
0,68e64e90ea8d6e16559ed8c3,Biologia,9º Ano,11,35.3,0,0,2026-02-09
0,68e64e90ea8d6e16559ed8c3,Biologia,9º Ano,12,34.1,0,0,2026-02-09
0,68dd26de6c4baa3baa783bdd,Ciências Naturais,9º Ano,1,47.5,0,0,2026-02-09
0,68dd26de6c4baa3baa783bdd,Ciências Naturais,9º Ano,2,46.3,0,0,2026-02-09
0,68dd26de6c4baa3baa783bdd,Ciências Naturais,9º Ano,3,45.1,0,0,2026-02-09
0,68dd26de6c4baa3baa783bdd,Ciências Naturais,9º Ano,4,43.9,0,0,2026-02-09
0,68dd26de6c4baa3baa783bdd,Ciências Naturais,9º Ano,5,42.6,0,0,2026-02-09
0,68dd26de6c4baa3baa783bdd,Ciências Naturais,9º Ano,6,41.4,0,0,2026-02-09
0,68dd26de6c4baa3baa783bdd,Ciências Naturais,9º Ano,7,40.2,0,0,2026-02-09
0,68dd26de6c4baa3baa783bdd,Ciências Naturais,9º Ano,8,39.0,0,0,2026-02-09
0,68dd26de6c4baa3baa783bdd,Ciências Naturais,9º Ano,9,37.8,0,0,2026-02-09
0,68dd26de6c4baa3baa783bdd,Ciências Naturais,9º Ano,10,36.5,0,0,2026-02-09
0,68dd26de6c4baa3baa783bdd,Ciências Naturais,9º Ano,11,35.3,0,0,2026-02-09
0,68dd26de6c4baa3baa783bdd,Ciências Naturais,9º Ano,12,34.1,0,0,2026-02-09
0,68dd26deea8d6e16559ec881,Educação Física,9º Ano,1,47.5,0,0,2026-02-09
0,68dd26deea8d6e16559ec881,Educação Física,9º Ano,2,46.3,0,0,2026-02-09
0,68dd26deea8d6e16559ec881,Educação Física,9º Ano,3,45.1,0,0,2026-02-09
0,68dd26deea8d6e16559ec881,Educação Física,9º Ano,4,43.9,0,0,2026-02-09
0,68dd26deea8d6e16559ec881,Educação Física,9º Ano,5,42.6,0,0,2026-02-09
0,68dd26deea8d6e16559ec881,Educação Física,9º Ano,6,41.4,0,0,2026-02-09
0,68dd26deea8d6e16559ec881,Educação Física,9º Ano,7,40.2,0,0,2026-02-09
0,68dd26deea8d6e16559ec881,Educação Física,9º Ano,8,39.0,0,0,2026-02-09
0,68dd26deea8d6e16559ec881,Educação Física,9º Ano,9,37.8,0,0,2026-02-09
0,68dd26deea8d6e16559ec881,Educação Física,9º Ano,10,36.5,0,0,2026-02-09
0,68dd26deea8d6e16559ec881,Educação Física,9º Ano,11,35.3,0,0,2026-02-09
0,68dd26deea8d6e16559ec881,Educação Física,9º Ano,12,34.1,0,0,2026-02-09
0,68dd26dec2a04f336ffed0d0,Filosofia,9º Ano,1,47.5,0,0,2026-02-09
0,68dd26dec2a04f336ffed0d0,Filosofia,9º Ano,2,46.3,0,0,2026-02-09
0,68dd26dec2a04f336ffed0d0,Filosofia,9º Ano,3,45.1,0,0,2026-02-09
0,68dd26dec2a04f336ffed0d0,Filosofia,9º Ano,4,43.9,0,0,2026-02-09
0,68dd26dec2a04f336ffed0d0,Filosofia,9º Ano,5,42.6,0,0,2026-02-09
0,68dd26dec2a04f336ffed0d0,Filosofia,9º Ano,6,41.4,0,0,2026-02-09
0,68dd26dec2a04f336ffed0d0,Filosofia,9º Ano,7,40.2,0,0,2026-02-09
0,68dd26dec2a04f336ffed0d0,Filosofia,9º Ano,8,39.0,0,0,2026-02-09
0,68dd26dec2a04f336ffed0d0,Filosofia,9º Ano,9,37.8,0,0,2026-02-09
0,68dd26dec2a04f336ffed0d0,Filosofia,9º Ano,10,36.5,0,0,2026-02-09
0,68dd26dec2a04f336ffed0d0,Filosofia,9º Ano,11,35.3,0,0,2026-02-09
0,68dd26dec2a04f336ffed0d0,Filosofia,9º Ano,12,34.1,0,0,2026-02-09
0,68e64e7c6c4baa3baa784c06,Física,9º Ano,1,47.5,0,0,2026-02-09
0,68e64e7c6c4baa3baa784c06,Física,9º Ano,2,46.3,0,0,2026-02-09
0,68e64e7c6c4baa3baa784c06,Física,9º Ano,3,45.1,0,0,2026-02-09
0,68e64e7c6c4baa3baa784c06,Física,9º Ano,4,43.9,0,0,2026-02-09
0,68e64e7c6c4baa3baa784c06,Física,9º Ano,5,42.6,0,0,2026-02-09
0,68e64e7c6c4baa3baa784c06,Física,9º Ano,6,41.4,0,0,2026-02-09
0,68e64e7c6c4baa3baa784c06,Física,9º Ano,7,40.2,0,0,2026-02-09
0,68e64e7c6c4baa3baa784c06,Física,9º Ano,8,39.0,0,0,2026-02-09
0,68e64e7c6c4baa3baa784c06,Física,9º Ano,9,37.8,0,0,2026-02-09
0,68e64e7c6c4baa3baa784c06,Física,9º Ano,10,36.5,0,0,2026-02-09
0,68e64e7c6c4baa3baa784c06,Física,9º Ano,11,35.3,0,0,2026-02-09
0,68e64e7c6c4baa3baa784c06,Física,9º Ano,12,34.1,0,0,2026-02-09
0,68dd26dec2a04f336ffed098,Geografia,9º Ano,1,47.5,0,0,2026-02-09
0,68dd26dec2a04f336ffed098,Geografia,9º Ano,2,46.3,0,0,2026-02-09
0,68dd26dec2a04f336ffed098,Geografia,9º Ano,3,45.1,0,0,2026-02-09
0,68dd26dec2a04f336ffed098,Geografia,9º Ano,4,43.9,0,0,2026-02-09
0,68dd26dec2a04f336ffed098,Geografia,9º Ano,5,42.6,0,0,2026-02-09
0,68dd26dec2a04f336ffed098,Geografia,9º Ano,6,41.4,0,0,2026-02-09
0,68dd26dec2a04f336ffed098,Geografia,9º Ano,7,40.2,0,0,2026-02-09
0,68dd26dec2a04f336ffed098,Geografia,9º Ano,8,39.0,0,0,2026-02-09
0,68dd26dec2a04f336ffed098,Geografia,9º Ano,9,37.8,0,0,2026-02-09
0,68dd26dec2a04f336ffed098,Geografia,9º Ano,10,36.5,0,0,2026-02-09
0,68dd26dec2a04f336ffed098,Geografia,9º Ano,11,35.3,0,0,2026-02-09
0,68dd26dec2a04f336ffed098,Geografia,9º Ano,12,34.1,0,0,2026-02-09
0,68dd26deea8d6e16559ec86b,História,9º Ano,1,47.5,0,0,2026-02-09
0,68dd26deea8d6e16559ec86b,História,9º Ano,2,46.3,0,0,2026-02-09
0,68dd26deea8d6e16559ec86b,História,9º Ano,3,45.1,0,0,2026-02-09
0,68dd26deea8d6e16559ec86b,História,9º Ano,4,43.9,0,0,2026-02-09
0,68dd26deea8d6e16559ec86b,História,9º Ano,5,42.6,0,0,2026-02-09
0,68dd26deea8d6e16559ec86b,História,9º Ano,6,41.4,0,0,2026-02-09
0,68dd26deea8d6e16559ec86b,História,9º Ano,7,40.2,0,0,2026-02-09
0,68dd26deea8d6e16559ec86b,História,9º Ano,8,39.0,0,0,2026-02-09
0,68dd26deea8d6e16559ec86b,História,9º Ano,9,37.8,0,0,2026-02-09
0,68dd26deea8d6e16559ec86b,História,9º Ano,10,36.5,0,0,2026-02-09
0,68dd26deea8d6e16559ec86b,História,9º Ano,11,35.3,0,0,2026-02-09
0,68dd26deea8d6e16559ec86b,História,9º Ano,12,34.1,0,0,2026-02-09
0,68e648576c4baa3baa78489b,Ler e produzir,9º Ano,1,47.5,0,0,2026-02-09
0,68e648576c4baa3baa78489b,Ler e produzir,9º Ano,2,46.3,0,0,2026-02-09
0,68e648576c4baa3baa78489b,Ler e produzir,9º Ano,3,45.1,0,0,2026-02-09
0,68e648576c4baa3baa78489b,Ler e produzir,9º Ano,4,43.9,0,0,2026-02-09
0,68e648576c4baa3baa78489b,Ler e produzir,9º Ano,5,42.6,0,0,2026-02-09
0,68e648576c4baa3baa78489b,Ler e produzir,9º Ano,6,41.4,0,0,2026-02-09
0,68e648576c4baa3baa78489b,Ler e produzir,9º Ano,7,40.2,0,0,2026-02-09
0,68e648576c4baa3baa78489b,Ler e produzir,9º Ano,8,39.0,0,0,2026-02-09
0,68e648576c4baa3baa78489b,Ler e produzir,9º Ano,9,37.8,0,0,2026-02-09
0,68e648576c4baa3baa78489b,Ler e produzir,9º Ano,10,36.5,0,0,2026-02-09
0,68e648576c4baa3baa78489b,Ler e produzir,9º Ano,11,35.3,0,0,2026-02-09
0,68e648576c4baa3baa78489b,Ler e produzir,9º Ano,12,34.1,0,0,2026-02-09
0,68dd26deea8d6e16559ec89b,Língua Estrangeira Inglês,9º Ano,1,47.5,0,0,2026-02-09
0,68dd26deea8d6e16559ec89b,Língua Estrangeira Inglês,9º Ano,2,46.3,0,0,2026-02-09
0,68dd26deea8d6e16559ec89b,Língua Estrangeira Inglês,9º Ano,3,45.1,0,0,2026-02-09
0,68dd26deea8d6e16559ec89b,Língua Estrangeira Inglês,9º Ano,4,43.9,0,0,2026-02-09
0,68dd26deea8d6e16559ec89b,Língua Estrangeira Inglês,9º Ano,5,42.6,0,0,2026-02-09
0,68dd26deea8d6e16559ec89b,Língua Estrangeira Inglês,9º Ano,6,41.4,0,0,2026-02-09
0,68dd26deea8d6e16559ec89b,Língua Estrangeira Inglês,9º Ano,7,40.2,0,0,2026-02-09
0,68dd26deea8d6e16559ec89b,Língua Estrangeira Inglês,9º Ano,8,39.0,0,0,2026-02-09
0,68dd26deea8d6e16559ec89b,Língua Estrangeira Inglês,9º Ano,9,37.8,0,0,2026-02-09
0,68dd26deea8d6e16559ec89b,Língua Estrangeira Inglês,9º Ano,10,36.5,0,0,2026-02-09
0,68dd26deea8d6e16559ec89b,Língua Estrangeira Inglês,9º Ano,11,35.3,0,0,2026-02-09
0,68dd26deea8d6e16559ec89b,Língua Estrangeira Inglês,9º Ano,12,34.1,0,0,2026-02-09
0,68dd26dec2a04f336ffed0ba,Língua Portuguesa,9º Ano,1,47.5,0,0,2026-02-09
0,68dd26dec2a04f336ffed0ba,Língua Portuguesa,9º Ano,2,46.3,0,0,2026-02-09
0,68dd26dec2a04f336ffed0ba,Língua Portuguesa,9º Ano,3,45.1,0,0,2026-02-09
0,68dd26dec2a04f336ffed0ba,Língua Portuguesa,9º Ano,4,43.9,0,0,2026-02-09
0,68dd26dec2a04f336ffed0ba,Língua Portuguesa,9º Ano,5,42.6,0,0,2026-02-09
0,68dd26dec2a04f336ffed0ba,Língua Portuguesa,9º Ano,6,41.4,0,0,2026-02-09
0,68dd26dec2a04f336ffed0ba,Língua Portuguesa,9º Ano,7,40.2,0,0,2026-02-09
0,68dd26dec2a04f336ffed0ba,Língua Portuguesa,9º Ano,8,39.0,0,0,2026-02-09
0,68dd26dec2a04f336ffed0ba,Língua Portuguesa,9º Ano,9,37.8,0,0,2026-02-09
0,68dd26dec2a04f336ffed0ba,Língua Portuguesa,9º Ano,10,36.5,0,0,2026-02-09
0,68dd26dec2a04f336ffed0ba,Língua Portuguesa,9º Ano,11,35.3,0,0,2026-02-09
0,68dd26dec2a04f336ffed0ba,Língua Portuguesa,9º Ano,12,34.1,0,0,2026-02-09
0,68dd26de6c4baa3baa783c04,Matemática,9º Ano,1,47.5,0,0,2026-02-09
0,68dd26de6c4baa3baa783c04,Matemática,9º Ano,2,46.3,0,0,2026-02-09
0,68dd26de6c4baa3baa783c04,Matemática,9º Ano,3,45.1,0,0,2026-02-09
0,68dd26de6c4baa3baa783c04,Matemática,9º Ano,4,43.9,0,0,2026-02-09
0,68dd26de6c4baa3baa783c04,Matemática,9º Ano,5,42.6,0,0,2026-02-09
0,68dd26de6c4baa3baa783c04,Matemática,9º Ano,6,41.4,0,0,2026-02-09
0,68dd26de6c4baa3baa783c04,Matemática,9º Ano,7,40.2,0,0,2026-02-09
0,68dd26de6c4baa3baa783c04,Matemática,9º Ano,8,39.0,0,0,2026-02-09
0,68dd26de6c4baa3baa783c04,Matemática,9º Ano,9,37.8,0,0,2026-02-09
0,68dd26de6c4baa3baa783c04,Matemática,9º Ano,10,36.5,0,0,2026-02-09
0,68dd26de6c4baa3baa783c04,Matemática,9º Ano,11,35.3,0,0,2026-02-09
0,68dd26de6c4baa3baa783c04,Matemática,9º Ano,12,34.1,0,0,2026-02-09
0,68e648206c4baa3baa784881,Química,9º Ano,1,47.5,0,0,2026-02-09
0,68e648206c4baa3baa784881,Química,9º Ano,2,46.3,0,0,2026-02-09
0,68e648206c4baa3baa784881,Química,9º Ano,3,45.1,0,0,2026-02-09
0,68e648206c4baa3baa784881,Química,9º Ano,4,43.9,0,0,2026-02-09
0,68e648206c4baa3baa784881,Química,9º Ano,5,42.6,0,0,2026-02-09
0,68e648206c4baa3baa784881,Química,9º Ano,6,41.4,0,0,2026-02-09
0,68e648206c4baa3baa784881,Química,9º Ano,7,40.2,0,0,2026-02-09
0,68e648206c4baa3baa784881,Química,9º Ano,8,39.0,0,0,2026-02-09
0,68e648206c4baa3baa784881,Química,9º Ano,9,37.8,0,0,2026-02-09
0,68e648206c4baa3baa784881,Química,9º Ano,10,36.5,0,0,2026-02-09
0,68e648206c4baa3baa784881,Química,9º Ano,11,35.3,0,0,2026-02-09
0,68e648206c4baa3baa784881,Química,9º Ano,12,34.1,0,0,2026-02-09
0,68e64a0d40d7b11fcd05776a,Arte,1ª Série,1,47.5,0,0,2026-02-09
0,68e64a0d40d7b11fcd05776a,Arte,1ª Série,2,46.3,0,0,2026-02-09
0,68e64a0d40d7b11fcd05776a,Arte,1ª Série,3,45.1,0,0,2026-02-09
0,68e64a0d40d7b11fcd05776a,Arte,1ª Série,4,43.9,0,0,2026-02-09
0,68e64a0d40d7b11fcd05776a,Arte,1ª Série,5,42.6,0,0,2026-02-09
0,68e64a0d40d7b11fcd05776a,Arte,1ª Série,6,41.4,0,0,2026-02-09
0,68e64a0d40d7b11fcd05776a,Arte,1ª Série,7,40.2,0,0,2026-02-09
0,68e64a0d40d7b11fcd05776a,Arte,1ª Série,8,39.0,0,0,2026-02-09
0,68e64a0d40d7b11fcd05776a,Arte,1ª Série,9,37.8,0,0,2026-02-09
0,68e64a0d40d7b11fcd05776a,Arte,1ª Série,10,36.5,0,0,2026-02-09
0,68e64a0d40d7b11fcd05776a,Arte,1ª Série,11,35.3,0,0,2026-02-09
0,68e64a0d40d7b11fcd05776a,Arte,1ª Série,12,34.1,0,0,2026-02-09
0,68c1b413232cab0181339c65,Arte,1ª Série,1,47.5,0,0,2026-02-09
0,68c1b413232cab0181339c65,Arte,1ª Série,2,46.3,0,0,2026-02-09
0,68c1b413232cab0181339c65,Arte,1ª Série,3,45.1,0,0,2026-02-09
0,68c1b413232cab0181339c65,Arte,1ª Série,4,43.9,0,0,2026-02-09
0,68c1b413232cab0181339c65,Arte,1ª Série,5,42.6,0,0,2026-02-09
0,68c1b413232cab0181339c65,Arte,1ª Série,6,41.4,0,0,2026-02-09
0,68c1b413232cab0181339c65,Arte,1ª Série,7,40.2,0,0,2026-02-09
0,68c1b413232cab0181339c65,Arte,1ª Série,8,39.0,0,0,2026-02-09
0,68c1b413232cab0181339c65,Arte,1ª Série,9,37.8,0,0,2026-02-09
0,68c1b413232cab0181339c65,Arte,1ª Série,10,36.5,0,0,2026-02-09
0,68c1b413232cab0181339c65,Arte,1ª Série,11,35.3,0,0,2026-02-09
0,68c1b413232cab0181339c65,Arte,1ª Série,12,34.1,0,0,2026-02-09
0,68e64a0d40d7b11fcd057827,Biologia,1ª Série,1,47.5,0,0,2026-02-09
0,68e64a0d40d7b11fcd057827,Biologia,1ª Série,2,46.3,0,0,2026-02-09
0,68e64a0d40d7b11fcd057827,Biologia,1ª Série,3,45.1,0,0,2026-02-09
0,68e64a0d40d7b11fcd057827,Biologia,1ª Série,4,43.9,0,0,2026-02-09
0,68e64a0d40d7b11fcd057827,Biologia,1ª Série,5,42.6,0,0,2026-02-09
0,68e64a0d40d7b11fcd057827,Biologia,1ª Série,6,41.4,0,0,2026-02-09
0,68e64a0d40d7b11fcd057827,Biologia,1ª Série,7,40.2,0,0,2026-02-09
0,68e64a0d40d7b11fcd057827,Biologia,1ª Série,8,39.0,0,0,2026-02-09
0,68e64a0d40d7b11fcd057827,Biologia,1ª Série,9,37.8,0,0,2026-02-09
0,68e64a0d40d7b11fcd057827,Biologia,1ª Série,10,36.5,0,0,2026-02-09
0,68e64a0d40d7b11fcd057827,Biologia,1ª Série,11,35.3,0,0,2026-02-09
0,68e64a0d40d7b11fcd057827,Biologia,1ª Série,12,34.1,0,0,2026-02-09
0,68c1b413232cab0181339c31,Biologia,1ª Série,1,47.5,0,0,2026-02-09
0,68c1b413232cab0181339c31,Biologia,1ª Série,2,46.3,0,0,2026-02-09
0,68c1b413232cab0181339c31,Biologia,1ª Série,3,45.1,0,0,2026-02-09
0,68c1b413232cab0181339c31,Biologia,1ª Série,4,43.9,0,0,2026-02-09
0,68c1b413232cab0181339c31,Biologia,1ª Série,5,42.6,0,0,2026-02-09
0,68c1b413232cab0181339c31,Biologia,1ª Série,6,41.4,0,0,2026-02-09
0,68c1b413232cab0181339c31,Biologia,1ª Série,7,40.2,0,0,2026-02-09
0,68c1b413232cab0181339c31,Biologia,1ª Série,8,39.0,0,0,2026-02-09
0,68c1b413232cab0181339c31,Biologia,1ª Série,9,37.8,0,0,2026-02-09
0,68c1b413232cab0181339c31,Biologia,1ª Série,10,36.5,0,0,2026-02-09
0,68c1b413232cab0181339c31,Biologia,1ª Série,11,35.3,0,0,2026-02-09
0,68c1b413232cab0181339c31,Biologia,1ª Série,12,34.1,0,0,2026-02-09
0,6904b3d0970ad32653c84cee,Cidadania e Direitos Humanos,1ª Série,1,47.5,0,0,2026-02-09
0,6904b3d0970ad32653c84cee,Cidadania e Direitos Humanos,1ª Série,2,46.3,0,0,2026-02-09
0,6904b3d0970ad32653c84cee,Cidadania e Direitos Humanos,1ª Série,3,45.1,0,0,2026-02-09
0,6904b3d0970ad32653c84cee,Cidadania e Direitos Humanos,1ª Série,4,43.9,0,0,2026-02-09
0,6904b3d0970ad32653c84cee,Cidadania e Direitos Humanos,1ª Série,5,42.6,0,0,2026-02-09
0,6904b3d0970ad32653c84cee,Cidadania e Direitos Humanos,1ª Série,6,41.4,0,0,2026-02-09
0,6904b3d0970ad32653c84cee,Cidadania e Direitos Humanos,1ª Série,7,40.2,0,0,2026-02-09
0,6904b3d0970ad32653c84cee,Cidadania e Direitos Humanos,1ª Série,8,39.0,0,0,2026-02-09
0,6904b3d0970ad32653c84cee,Cidadania e Direitos Humanos,1ª Série,9,37.8,0,0,2026-02-09
0,6904b3d0970ad32653c84cee,Cidadania e Direitos Humanos,1ª Série,10,36.5,0,0,2026-02-09
0,6904b3d0970ad32653c84cee,Cidadania e Direitos Humanos,1ª Série,11,35.3,0,0,2026-02-09
0,6904b3d0970ad32653c84cee,Cidadania e Direitos Humanos,1ª Série,12,34.1,0,0,2026-02-09
0,68c1b413232cab0181339c6e,Conexões e contextos,1ª Série,1,47.5,0,0,2026-02-09
0,68c1b413232cab0181339c6e,Conexões e contextos,1ª Série,2,46.3,0,0,2026-02-09
0,68c1b413232cab0181339c6e,Conexões e contextos,1ª Série,3,45.1,0,0,2026-02-09
0,68c1b413232cab0181339c6e,Conexões e contextos,1ª Série,4,43.9,0,0,2026-02-09
0,68c1b413232cab0181339c6e,Conexões e contextos,1ª Série,5,42.6,0,0,2026-02-09
0,68c1b413232cab0181339c6e,Conexões e contextos,1ª Série,6,41.4,0,0,2026-02-09
0,68c1b413232cab0181339c6e,Conexões e contextos,1ª Série,7,40.2,0,0,2026-02-09
0,68c1b413232cab0181339c6e,Conexões e contextos,1ª Série,8,39.0,0,0,2026-02-09
0,68c1b413232cab0181339c6e,Conexões e contextos,1ª Série,9,37.8,0,0,2026-02-09
0,68c1b413232cab0181339c6e,Conexões e contextos,1ª Série,10,36.5,0,0,2026-02-09
0,68c1b413232cab0181339c6e,Conexões e contextos,1ª Série,11,35.3,0,0,2026-02-09
0,68c1b413232cab0181339c6e,Conexões e contextos,1ª Série,12,34.1,0,0,2026-02-09
0,68c1b32d232cab0181339ab7,Educação Física,1ª Série,1,47.5,0,0,2026-02-09
0,68c1b32d232cab0181339ab7,Educação Física,1ª Série,2,46.3,0,0,2026-02-09
0,68c1b32d232cab0181339ab7,Educação Física,1ª Série,3,45.1,0,0,2026-02-09
0,68c1b32d232cab0181339ab7,Educação Física,1ª Série,4,43.9,0,0,2026-02-09
0,68c1b32d232cab0181339ab7,Educação Física,1ª Série,5,42.6,0,0,2026-02-09
0,68c1b32d232cab0181339ab7,Educação Física,1ª Série,6,41.4,0,0,2026-02-09
0,68c1b32d232cab0181339ab7,Educação Física,1ª Série,7,40.2,0,0,2026-02-09
0,68c1b32d232cab0181339ab7,Educação Física,1ª Série,8,39.0,0,0,2026-02-09
0,68c1b32d232cab0181339ab7,Educação Física,1ª Série,9,37.8,0,0,2026-02-09
0,68c1b32d232cab0181339ab7,Educação Física,1ª Série,10,36.5,0,0,2026-02-09
0,68c1b32d232cab0181339ab7,Educação Física,1ª Série,11,35.3,0,0,2026-02-09
0,68c1b32d232cab0181339ab7,Educação Física,1ª Série,12,34.1,0,0,2026-02-09
0,68c1b413f370121fa541e2fb,Escolas literárias,1ª Série,1,47.5,0,0,2026-02-09
0,68c1b413f370121fa541e2fb,Escolas literárias,1ª Série,2,46.3,0,0,2026-02-09
0,68c1b413f370121fa541e2fb,Escolas literárias,1ª Série,3,45.1,0,0,2026-02-09
0,68c1b413f370121fa541e2fb,Escolas literárias,1ª Série,4,43.9,0,0,2026-02-09
0,68c1b413f370121fa541e2fb,Escolas literárias,1ª Série,5,42.6,0,0,2026-02-09
0,68c1b413f370121fa541e2fb,Escolas literárias,1ª Série,6,41.4,0,0,2026-02-09
0,68c1b413f370121fa541e2fb,Escolas literárias,1ª Série,7,40.2,0,0,2026-02-09
0,68c1b413f370121fa541e2fb,Escolas literárias,1ª Série,8,39.0,0,0,2026-02-09
0,68c1b413f370121fa541e2fb,Escolas literárias,1ª Série,9,37.8,0,0,2026-02-09
0,68c1b413f370121fa541e2fb,Escolas literárias,1ª Série,10,36.5,0,0,2026-02-09
0,68c1b413f370121fa541e2fb,Escolas literárias,1ª Série,11,35.3,0,0,2026-02-09
0,68c1b413f370121fa541e2fb,Escolas literárias,1ª Série,12,34.1,0,0,2026-02-09
0,68e64a0d40d7b11fcd057832,Filosofia,1ª Série,1,47.5,0,0,2026-02-09
0,68e64a0d40d7b11fcd057832,Filosofia,1ª Série,2,46.3,0,0,2026-02-09
0,68e64a0d40d7b11fcd057832,Filosofia,1ª Série,3,45.1,0,0,2026-02-09
0,68e64a0d40d7b11fcd057832,Filosofia,1ª Série,4,43.9,0,0,2026-02-09
0,68e64a0d40d7b11fcd057832,Filosofia,1ª Série,5,42.6,0,0,2026-02-09
0,68e64a0d40d7b11fcd057832,Filosofia,1ª Série,6,41.4,0,0,2026-02-09
0,68e64a0d40d7b11fcd057832,Filosofia,1ª Série,7,40.2,0,0,2026-02-09
0,68e64a0d40d7b11fcd057832,Filosofia,1ª Série,8,39.0,0,0,2026-02-09
0,68e64a0d40d7b11fcd057832,Filosofia,1ª Série,9,37.8,0,0,2026-02-09
0,68e64a0d40d7b11fcd057832,Filosofia,1ª Série,10,36.5,0,0,2026-02-09
0,68e64a0d40d7b11fcd057832,Filosofia,1ª Série,11,35.3,0,0,2026-02-09
0,68e64a0d40d7b11fcd057832,Filosofia,1ª Série,12,34.1,0,0,2026-02-09
0,68c1b413232cab0181339c3f,Filosofia,1ª Série,1,47.5,0,0,2026-02-09
0,68c1b413232cab0181339c3f,Filosofia,1ª Série,2,46.3,0,0,2026-02-09
0,68c1b413232cab0181339c3f,Filosofia,1ª Série,3,45.1,0,0,2026-02-09
0,68c1b413232cab0181339c3f,Filosofia,1ª Série,4,43.9,0,0,2026-02-09
0,68c1b413232cab0181339c3f,Filosofia,1ª Série,5,42.6,0,0,2026-02-09
0,68c1b413232cab0181339c3f,Filosofia,1ª Série,6,41.4,0,0,2026-02-09
0,68c1b413232cab0181339c3f,Filosofia,1ª Série,7,40.2,0,0,2026-02-09
0,68c1b413232cab0181339c3f,Filosofia,1ª Série,8,39.0,0,0,2026-02-09
0,68c1b413232cab0181339c3f,Filosofia,1ª Série,9,37.8,0,0,2026-02-09
0,68c1b413232cab0181339c3f,Filosofia,1ª Série,10,36.5,0,0,2026-02-09
0,68c1b413232cab0181339c3f,Filosofia,1ª Série,11,35.3,0,0,2026-02-09
0,68c1b413232cab0181339c3f,Filosofia,1ª Série,12,34.1,0,0,2026-02-09
0,6904b3d0f0afe000e7743cea,Fundamentos da Cultura Maker,1ª Série,1,47.5,0,0,2026-02-09
0,6904b3d0f0afe000e7743cea,Fundamentos da Cultura Maker,1ª Série,2,46.3,0,0,2026-02-09
0,6904b3d0f0afe000e7743cea,Fundamentos da Cultura Maker,1ª Série,3,45.1,0,0,2026-02-09
0,6904b3d0f0afe000e7743cea,Fundamentos da Cultura Maker,1ª Série,4,43.9,0,0,2026-02-09
0,6904b3d0f0afe000e7743cea,Fundamentos da Cultura Maker,1ª Série,5,42.6,0,0,2026-02-09
0,6904b3d0f0afe000e7743cea,Fundamentos da Cultura Maker,1ª Série,6,41.4,0,0,2026-02-09
0,6904b3d0f0afe000e7743cea,Fundamentos da Cultura Maker,1ª Série,7,40.2,0,0,2026-02-09
0,6904b3d0f0afe000e7743cea,Fundamentos da Cultura Maker,1ª Série,8,39.0,0,0,2026-02-09
0,6904b3d0f0afe000e7743cea,Fundamentos da Cultura Maker,1ª Série,9,37.8,0,0,2026-02-09
0,6904b3d0f0afe000e7743cea,Fundamentos da Cultura Maker,1ª Série,10,36.5,0,0,2026-02-09
0,6904b3d0f0afe000e7743cea,Fundamentos da Cultura Maker,1ª Série,11,35.3,0,0,2026-02-09
0,6904b3d0f0afe000e7743cea,Fundamentos da Cultura Maker,1ª Série,12,34.1,0,0,2026-02-09
0,68e64a0d6c4baa3baa784aee,Física,1ª Série,1,47.5,0,0,2026-02-09
0,68e64a0d6c4baa3baa784aee,Física,1ª Série,2,46.3,0,0,2026-02-09
0,68e64a0d6c4baa3baa784aee,Física,1ª Série,3,45.1,0,0,2026-02-09
0,68e64a0d6c4baa3baa784aee,Física,1ª Série,4,43.9,0,0,2026-02-09
0,68e64a0d6c4baa3baa784aee,Física,1ª Série,5,42.6,0,0,2026-02-09
0,68e64a0d6c4baa3baa784aee,Física,1ª Série,6,41.4,0,0,2026-02-09
0,68e64a0d6c4baa3baa784aee,Física,1ª Série,7,40.2,0,0,2026-02-09
0,68e64a0d6c4baa3baa784aee,Física,1ª Série,8,39.0,0,0,2026-02-09
0,68e64a0d6c4baa3baa784aee,Física,1ª Série,9,37.8,0,0,2026-02-09
0,68e64a0d6c4baa3baa784aee,Física,1ª Série,10,36.5,0,0,2026-02-09
0,68e64a0d6c4baa3baa784aee,Física,1ª Série,11,35.3,0,0,2026-02-09
0,68e64a0d6c4baa3baa784aee,Física,1ª Série,12,34.1,0,0,2026-02-09
0,68c1b413dc51802cb95e713e,Física,1ª Série,1,47.5,0,0,2026-02-09
0,68c1b413dc51802cb95e713e,Física,1ª Série,2,46.3,0,0,2026-02-09
0,68c1b413dc51802cb95e713e,Física,1ª Série,3,45.1,0,0,2026-02-09
0,68c1b413dc51802cb95e713e,Física,1ª Série,4,43.9,0,0,2026-02-09
0,68c1b413dc51802cb95e713e,Física,1ª Série,5,42.6,0,0,2026-02-09
0,68c1b413dc51802cb95e713e,Física,1ª Série,6,41.4,0,0,2026-02-09
0,68c1b413dc51802cb95e713e,Física,1ª Série,7,40.2,0,0,2026-02-09
0,68c1b413dc51802cb95e713e,Física,1ª Série,8,39.0,0,0,2026-02-09
0,68c1b413dc51802cb95e713e,Física,1ª Série,9,37.8,0,0,2026-02-09
0,68c1b413dc51802cb95e713e,Física,1ª Série,10,36.5,0,0,2026-02-09
0,68c1b413dc51802cb95e713e,Física,1ª Série,11,35.3,0,0,2026-02-09
0,68c1b413dc51802cb95e713e,Física,1ª Série,12,34.1,0,0,2026-02-09
0,68e64a0d6c4baa3baa784b2a,Geografia,1ª Série,1,47.5,0,0,2026-02-09
0,68e64a0d6c4baa3baa784b2a,Geografia,1ª Série,2,46.3,0,0,2026-02-09
0,68e64a0d6c4baa3baa784b2a,Geografia,1ª Série,3,45.1,0,0,2026-02-09
0,68e64a0d6c4baa3baa784b2a,Geografia,1ª Série,4,43.9,0,0,2026-02-09
0,68e64a0d6c4baa3baa784b2a,Geografia,1ª Série,5,42.6,0,0,2026-02-09
0,68e64a0d6c4baa3baa784b2a,Geografia,1ª Série,6,41.4,0,0,2026-02-09
0,68e64a0d6c4baa3baa784b2a,Geografia,1ª Série,7,40.2,0,0,2026-02-09
0,68e64a0d6c4baa3baa784b2a,Geografia,1ª Série,8,39.0,0,0,2026-02-09
0,68e64a0d6c4baa3baa784b2a,Geografia,1ª Série,9,37.8,0,0,2026-02-09
0,68e64a0d6c4baa3baa784b2a,Geografia,1ª Série,10,36.5,0,0,2026-02-09
0,68e64a0d6c4baa3baa784b2a,Geografia,1ª Série,11,35.3,0,0,2026-02-09
0,68e64a0d6c4baa3baa784b2a,Geografia,1ª Série,12,34.1,0,0,2026-02-09
0,68c1b413dc51802cb95e7167,Geografia,1ª Série,1,47.5,0,0,2026-02-09
0,68c1b413dc51802cb95e7167,Geografia,1ª Série,2,46.3,0,0,2026-02-09
0,68c1b413dc51802cb95e7167,Geografia,1ª Série,3,45.1,0,0,2026-02-09
0,68c1b413dc51802cb95e7167,Geografia,1ª Série,4,43.9,0,0,2026-02-09
0,68c1b413dc51802cb95e7167,Geografia,1ª Série,5,42.6,0,0,2026-02-09
0,68c1b413dc51802cb95e7167,Geografia,1ª Série,6,41.4,0,0,2026-02-09
0,68c1b413dc51802cb95e7167,Geografia,1ª Série,7,40.2,0,0,2026-02-09
0,68c1b413dc51802cb95e7167,Geografia,1ª Série,8,39.0,0,0,2026-02-09
0,68c1b413dc51802cb95e7167,Geografia,1ª Série,9,37.8,0,0,2026-02-09
0,68c1b413dc51802cb95e7167,Geografia,1ª Série,10,36.5,0,0,2026-02-09
0,68c1b413dc51802cb95e7167,Geografia,1ª Série,11,35.3,0,0,2026-02-09
0,68c1b413dc51802cb95e7167,Geografia,1ª Série,12,34.1,0,0,2026-02-09
0,6904b3eb970ad32653c84d3d,Gestão dos pensamentos e das emoções,1ª Série,1,47.5,0,0,2026-02-09
0,6904b3eb970ad32653c84d3d,Gestão dos pensamentos e das emoções,1ª Série,2,46.3,0,0,2026-02-09
0,6904b3eb970ad32653c84d3d,Gestão dos pensamentos e das emoções,1ª Série,3,45.1,0,0,2026-02-09
0,6904b3eb970ad32653c84d3d,Gestão dos pensamentos e das emoções,1ª Série,4,43.9,0,0,2026-02-09
0,6904b3eb970ad32653c84d3d,Gestão dos pensamentos e das emoções,1ª Série,5,42.6,0,0,2026-02-09
0,6904b3eb970ad32653c84d3d,Gestão dos pensamentos e das emoções,1ª Série,6,41.4,0,0,2026-02-09
0,6904b3eb970ad32653c84d3d,Gestão dos pensamentos e das emoções,1ª Série,7,40.2,0,0,2026-02-09
0,6904b3eb970ad32653c84d3d,Gestão dos pensamentos e das emoções,1ª Série,8,39.0,0,0,2026-02-09
0,6904b3eb970ad32653c84d3d,Gestão dos pensamentos e das emoções,1ª Série,9,37.8,0,0,2026-02-09
0,6904b3eb970ad32653c84d3d,Gestão dos pensamentos e das emoções,1ª Série,10,36.5,0,0,2026-02-09
0,6904b3eb970ad32653c84d3d,Gestão dos pensamentos e das emoções,1ª Série,11,35.3,0,0,2026-02-09
0,6904b3eb970ad32653c84d3d,Gestão dos pensamentos e das emoções,1ª Série,12,34.1,0,0,2026-02-09
0,68e64a0dea8d6e16559ed7ca,História,1ª Série,1,47.5,0,0,2026-02-09
0,68e64a0dea8d6e16559ed7ca,História,1ª Série,2,46.3,0,0,2026-02-09
0,68e64a0dea8d6e16559ed7ca,História,1ª Série,3,45.1,0,0,2026-02-09
0,68e64a0dea8d6e16559ed7ca,História,1ª Série,4,43.9,0,0,2026-02-09
0,68e64a0dea8d6e16559ed7ca,História,1ª Série,5,42.6,0,0,2026-02-09
0,68e64a0dea8d6e16559ed7ca,História,1ª Série,6,41.4,0,0,2026-02-09
0,68e64a0dea8d6e16559ed7ca,História,1ª Série,7,40.2,0,0,2026-02-09
0,68e64a0dea8d6e16559ed7ca,História,1ª Série,8,39.0,0,0,2026-02-09
0,68e64a0dea8d6e16559ed7ca,História,1ª Série,9,37.8,0,0,2026-02-09
0,68e64a0dea8d6e16559ed7ca,História,1ª Série,10,36.5,0,0,2026-02-09
0,68e64a0dea8d6e16559ed7ca,História,1ª Série,11,35.3,0,0,2026-02-09
0,68e64a0dea8d6e16559ed7ca,História,1ª Série,12,34.1,0,0,2026-02-09
0,68c1b413f370121fa541e2df,História,1ª Série,1,47.5,0,0,2026-02-09
0,68c1b413f370121fa541e2df,História,1ª Série,2,46.3,0,0,2026-02-09
0,68c1b413f370121fa541e2df,História,1ª Série,3,45.1,0,0,2026-02-09
0,68c1b413f370121fa541e2df,História,1ª Série,4,43.9,0,0,2026-02-09
0,68c1b413f370121fa541e2df,História,1ª Série,5,42.6,0,0,2026-02-09
0,68c1b413f370121fa541e2df,História,1ª Série,6,41.4,0,0,2026-02-09
0,68c1b413f370121fa541e2df,História,1ª Série,7,40.2,0,0,2026-02-09
0,68c1b413f370121fa541e2df,História,1ª Série,8,39.0,0,0,2026-02-09
0,68c1b413f370121fa541e2df,História,1ª Série,9,37.8,0,0,2026-02-09
0,68c1b413f370121fa541e2df,História,1ª Série,10,36.5,0,0,2026-02-09
0,68c1b413f370121fa541e2df,História,1ª Série,11,35.3,0,0,2026-02-09
0,68c1b413f370121fa541e2df,História,1ª Série,12,34.1,0,0,2026-02-09
0,68e64a0dea8d6e16559ed72a,Leitura e produção de textos,1ª Série,1,47.5,0,0,2026-02-09
0,68e64a0dea8d6e16559ed72a,Leitura e produção de textos,1ª Série,2,46.3,0,0,2026-02-09
0,68e64a0dea8d6e16559ed72a,Leitura e produção de textos,1ª Série,3,45.1,0,0,2026-02-09
0,68e64a0dea8d6e16559ed72a,Leitura e produção de textos,1ª Série,4,43.9,0,0,2026-02-09
0,68e64a0dea8d6e16559ed72a,Leitura e produção de textos,1ª Série,5,42.6,0,0,2026-02-09
0,68e64a0dea8d6e16559ed72a,Leitura e produção de textos,1ª Série,6,41.4,0,0,2026-02-09
0,68e64a0dea8d6e16559ed72a,Leitura e produção de textos,1ª Série,7,40.2,0,0,2026-02-09
0,68e64a0dea8d6e16559ed72a,Leitura e produção de textos,1ª Série,8,39.0,0,0,2026-02-09
0,68e64a0dea8d6e16559ed72a,Leitura e produção de textos,1ª Série,9,37.8,0,0,2026-02-09
0,68e64a0dea8d6e16559ed72a,Leitura e produção de textos,1ª Série,10,36.5,0,0,2026-02-09
0,68e64a0dea8d6e16559ed72a,Leitura e produção de textos,1ª Série,11,35.3,0,0,2026-02-09
0,68e64a0dea8d6e16559ed72a,Leitura e produção de textos,1ª Série,12,34.1,0,0,2026-02-09
0,68c1b413dc51802cb95e710d,Literatura,1ª Série,1,47.5,0,0,2026-02-09
0,68c1b413dc51802cb95e710d,Literatura,1ª Série,2,46.3,0,0,2026-02-09
0,68c1b413dc51802cb95e710d,Literatura,1ª Série,3,45.1,0,0,2026-02-09
0,68c1b413dc51802cb95e710d,Literatura,1ª Série,4,43.9,0,0,2026-02-09
0,68c1b413dc51802cb95e710d,Literatura,1ª Série,5,42.6,0,0,2026-02-09
0,68c1b413dc51802cb95e710d,Literatura,1ª Série,6,41.4,0,0,2026-02-09
0,68c1b413dc51802cb95e710d,Literatura,1ª Série,7,40.2,0,0,2026-02-09
0,68c1b413dc51802cb95e710d,Literatura,1ª Série,8,39.0,0,0,2026-02-09
0,68c1b413dc51802cb95e710d,Literatura,1ª Série,9,37.8,0,0,2026-02-09
0,68c1b413dc51802cb95e710d,Literatura,1ª Série,10,36.5,0,0,2026-02-09
0,68c1b413dc51802cb95e710d,Literatura,1ª Série,11,35.3,0,0,2026-02-09
0,68c1b413dc51802cb95e710d,Literatura,1ª Série,12,34.1,0,0,2026-02-09
0,68c1b414dc51802cb95e724a,Arte,2ª Série,1,47.5,0,0,2026-02-09
0,68c1b414dc51802cb95e724a,Arte,2ª Série,2,46.3,0,0,2026-02-09
0,68c1b414dc51802cb95e724a,Arte,2ª Série,3,45.1,0,0,2026-02-09
0,68c1b414dc51802cb95e724a,Arte,2ª Série,4,43.9,0,0,2026-02-09
0,68c1b414dc51802cb95e724a,Arte,2ª Série,5,42.6,0,0,2026-02-09
0,68c1b414dc51802cb95e724a,Arte,2ª Série,6,41.4,0,0,2026-02-09
0,68c1b414dc51802cb95e724a,Arte,2ª Série,7,40.2,0,0,2026-02-09
0,68c1b414dc51802cb95e724a,Arte,2ª Série,8,39.0,0,0,2026-02-09
0,68c1b414dc51802cb95e724a,Arte,2ª Série,9,37.8,0,0,2026-02-09
0,68c1b414dc51802cb95e724a,Arte,2ª Série,10,36.5,0,0,2026-02-09
0,68c1b414dc51802cb95e724a,Arte,2ª Série,11,35.3,0,0,2026-02-09
0,68c1b414dc51802cb95e724a,Arte,2ª Série,12,34.1,0,0,2026-02-09
0,68e64a0cea8d6e16559ed571,Arte,2ª Série,1,47.5,0,0,2026-02-09
0,68e64a0cea8d6e16559ed571,Arte,2ª Série,2,46.3,0,0,2026-02-09
0,68e64a0cea8d6e16559ed571,Arte,2ª Série,3,45.1,0,0,2026-02-09
0,68e64a0cea8d6e16559ed571,Arte,2ª Série,4,43.9,0,0,2026-02-09
0,68e64a0cea8d6e16559ed571,Arte,2ª Série,5,42.6,0,0,2026-02-09
0,68e64a0cea8d6e16559ed571,Arte,2ª Série,6,41.4,0,0,2026-02-09
0,68e64a0cea8d6e16559ed571,Arte,2ª Série,7,40.2,0,0,2026-02-09
0,68e64a0cea8d6e16559ed571,Arte,2ª Série,8,39.0,0,0,2026-02-09
0,68e64a0cea8d6e16559ed571,Arte,2ª Série,9,37.8,0,0,2026-02-09
0,68e64a0cea8d6e16559ed571,Arte,2ª Série,10,36.5,0,0,2026-02-09
0,68e64a0cea8d6e16559ed571,Arte,2ª Série,11,35.3,0,0,2026-02-09
0,68e64a0cea8d6e16559ed571,Arte,2ª Série,12,34.1,0,0,2026-02-09
0,68e64a0cea8d6e16559ed62e,Biologia,2ª Série,1,47.5,0,0,2026-02-09
0,68e64a0cea8d6e16559ed62e,Biologia,2ª Série,2,46.3,0,0,2026-02-09
0,68e64a0cea8d6e16559ed62e,Biologia,2ª Série,3,45.1,0,0,2026-02-09
0,68e64a0cea8d6e16559ed62e,Biologia,2ª Série,4,43.9,0,0,2026-02-09
0,68e64a0cea8d6e16559ed62e,Biologia,2ª Série,5,42.6,0,0,2026-02-09
0,68e64a0cea8d6e16559ed62e,Biologia,2ª Série,6,41.4,0,0,2026-02-09
0,68e64a0cea8d6e16559ed62e,Biologia,2ª Série,7,40.2,0,0,2026-02-09
0,68e64a0cea8d6e16559ed62e,Biologia,2ª Série,8,39.0,0,0,2026-02-09
0,68e64a0cea8d6e16559ed62e,Biologia,2ª Série,9,37.8,0,0,2026-02-09
0,68e64a0cea8d6e16559ed62e,Biologia,2ª Série,10,36.5,0,0,2026-02-09
0,68e64a0cea8d6e16559ed62e,Biologia,2ª Série,11,35.3,0,0,2026-02-09
0,68e64a0cea8d6e16559ed62e,Biologia,2ª Série,12,34.1,0,0,2026-02-09
0,68c1b414dc51802cb95e7216,Biologia,2ª Série,1,47.5,0,0,2026-02-09
0,68c1b414dc51802cb95e7216,Biologia,2ª Série,2,46.3,0,0,2026-02-09
0,68c1b414dc51802cb95e7216,Biologia,2ª Série,3,45.1,0,0,2026-02-09
0,68c1b414dc51802cb95e7216,Biologia,2ª Série,4,43.9,0,0,2026-02-09
0,68c1b414dc51802cb95e7216,Biologia,2ª Série,5,42.6,0,0,2026-02-09
0,68c1b414dc51802cb95e7216,Biologia,2ª Série,6,41.4,0,0,2026-02-09
0,68c1b414dc51802cb95e7216,Biologia,2ª Série,7,40.2,0,0,2026-02-09
0,68c1b414dc51802cb95e7216,Biologia,2ª Série,8,39.0,0,0,2026-02-09
0,68c1b414dc51802cb95e7216,Biologia,2ª Série,9,37.8,0,0,2026-02-09
0,68c1b414dc51802cb95e7216,Biologia,2ª Série,10,36.5,0,0,2026-02-09
0,68c1b414dc51802cb95e7216,Biologia,2ª Série,11,35.3,0,0,2026-02-09
0,68c1b414dc51802cb95e7216,Biologia,2ª Série,12,34.1,0,0,2026-02-09
0,6904b3d0985278187726aee6,Cidadania e Direitos Humanos,2ª Série,1,47.5,0,0,2026-02-09
0,6904b3d0985278187726aee6,Cidadania e Direitos Humanos,2ª Série,2,46.3,0,0,2026-02-09
0,6904b3d0985278187726aee6,Cidadania e Direitos Humanos,2ª Série,3,45.1,0,0,2026-02-09
0,6904b3d0985278187726aee6,Cidadania e Direitos Humanos,2ª Série,4,43.9,0,0,2026-02-09
0,6904b3d0985278187726aee6,Cidadania e Direitos Humanos,2ª Série,5,42.6,0,0,2026-02-09
0,6904b3d0985278187726aee6,Cidadania e Direitos Humanos,2ª Série,6,41.4,0,0,2026-02-09
0,6904b3d0985278187726aee6,Cidadania e Direitos Humanos,2ª Série,7,40.2,0,0,2026-02-09
0,6904b3d0985278187726aee6,Cidadania e Direitos Humanos,2ª Série,8,39.0,0,0,2026-02-09
0,6904b3d0985278187726aee6,Cidadania e Direitos Humanos,2ª Série,9,37.8,0,0,2026-02-09
0,6904b3d0985278187726aee6,Cidadania e Direitos Humanos,2ª Série,10,36.5,0,0,2026-02-09
0,6904b3d0985278187726aee6,Cidadania e Direitos Humanos,2ª Série,11,35.3,0,0,2026-02-09
0,6904b3d0985278187726aee6,Cidadania e Direitos Humanos,2ª Série,12,34.1,0,0,2026-02-09
0,68c1b414dc51802cb95e7253,Conexões e contextos,2ª Série,1,47.5,0,0,2026-02-09
0,68c1b414dc51802cb95e7253,Conexões e contextos,2ª Série,2,46.3,0,0,2026-02-09
0,68c1b414dc51802cb95e7253,Conexões e contextos,2ª Série,3,45.1,0,0,2026-02-09
0,68c1b414dc51802cb95e7253,Conexões e contextos,2ª Série,4,43.9,0,0,2026-02-09
0,68c1b414dc51802cb95e7253,Conexões e contextos,2ª Série,5,42.6,0,0,2026-02-09
0,68c1b414dc51802cb95e7253,Conexões e contextos,2ª Série,6,41.4,0,0,2026-02-09
0,68c1b414dc51802cb95e7253,Conexões e contextos,2ª Série,7,40.2,0,0,2026-02-09
0,68c1b414dc51802cb95e7253,Conexões e contextos,2ª Série,8,39.0,0,0,2026-02-09
0,68c1b414dc51802cb95e7253,Conexões e contextos,2ª Série,9,37.8,0,0,2026-02-09
0,68c1b414dc51802cb95e7253,Conexões e contextos,2ª Série,10,36.5,0,0,2026-02-09
0,68c1b414dc51802cb95e7253,Conexões e contextos,2ª Série,11,35.3,0,0,2026-02-09
0,68c1b414dc51802cb95e7253,Conexões e contextos,2ª Série,12,34.1,0,0,2026-02-09
0,68c1b32df370121fa541e174,Educação Física,2ª Série,1,47.5,0,0,2026-02-09
0,68c1b32df370121fa541e174,Educação Física,2ª Série,2,46.3,0,0,2026-02-09
0,68c1b32df370121fa541e174,Educação Física,2ª Série,3,45.1,0,0,2026-02-09
0,68c1b32df370121fa541e174,Educação Física,2ª Série,4,43.9,0,0,2026-02-09
0,68c1b32df370121fa541e174,Educação Física,2ª Série,5,42.6,0,0,2026-02-09
0,68c1b32df370121fa541e174,Educação Física,2ª Série,6,41.4,0,0,2026-02-09
0,68c1b32df370121fa541e174,Educação Física,2ª Série,7,40.2,0,0,2026-02-09
0,68c1b32df370121fa541e174,Educação Física,2ª Série,8,39.0,0,0,2026-02-09
0,68c1b32df370121fa541e174,Educação Física,2ª Série,9,37.8,0,0,2026-02-09
0,68c1b32df370121fa541e174,Educação Física,2ª Série,10,36.5,0,0,2026-02-09
0,68c1b32df370121fa541e174,Educação Física,2ª Série,11,35.3,0,0,2026-02-09
0,68c1b32df370121fa541e174,Educação Física,2ª Série,12,34.1,0,0,2026-02-09
0,68c1b414232cab0181339cf6,Escolas literárias,2ª Série,1,47.5,0,0,2026-02-09
0,68c1b414232cab0181339cf6,Escolas literárias,2ª Série,2,46.3,0,0,2026-02-09
0,68c1b414232cab0181339cf6,Escolas literárias,2ª Série,3,45.1,0,0,2026-02-09
0,68c1b414232cab0181339cf6,Escolas literárias,2ª Série,4,43.9,0,0,2026-02-09
0,68c1b414232cab0181339cf6,Escolas literárias,2ª Série,5,42.6,0,0,2026-02-09
0,68c1b414232cab0181339cf6,Escolas literárias,2ª Série,6,41.4,0,0,2026-02-09
0,68c1b414232cab0181339cf6,Escolas literárias,2ª Série,7,40.2,0,0,2026-02-09
0,68c1b414232cab0181339cf6,Escolas literárias,2ª Série,8,39.0,0,0,2026-02-09
0,68c1b414232cab0181339cf6,Escolas literárias,2ª Série,9,37.8,0,0,2026-02-09
0,68c1b414232cab0181339cf6,Escolas literárias,2ª Série,10,36.5,0,0,2026-02-09
0,68c1b414232cab0181339cf6,Escolas literárias,2ª Série,11,35.3,0,0,2026-02-09
0,68c1b414232cab0181339cf6,Escolas literárias,2ª Série,12,34.1,0,0,2026-02-09
0,68e64a0dea8d6e16559ed639,Filosofia,2ª Série,1,47.5,0,0,2026-02-09
0,68e64a0dea8d6e16559ed639,Filosofia,2ª Série,2,46.3,0,0,2026-02-09
0,68e64a0dea8d6e16559ed639,Filosofia,2ª Série,3,45.1,0,0,2026-02-09
0,68e64a0dea8d6e16559ed639,Filosofia,2ª Série,4,43.9,0,0,2026-02-09
0,68e64a0dea8d6e16559ed639,Filosofia,2ª Série,5,42.6,0,0,2026-02-09
0,68e64a0dea8d6e16559ed639,Filosofia,2ª Série,6,41.4,0,0,2026-02-09
0,68e64a0dea8d6e16559ed639,Filosofia,2ª Série,7,40.2,0,0,2026-02-09
0,68e64a0dea8d6e16559ed639,Filosofia,2ª Série,8,39.0,0,0,2026-02-09
0,68e64a0dea8d6e16559ed639,Filosofia,2ª Série,9,37.8,0,0,2026-02-09
0,68e64a0dea8d6e16559ed639,Filosofia,2ª Série,10,36.5,0,0,2026-02-09
0,68e64a0dea8d6e16559ed639,Filosofia,2ª Série,11,35.3,0,0,2026-02-09
0,68e64a0dea8d6e16559ed639,Filosofia,2ª Série,12,34.1,0,0,2026-02-09
0,68c1b414dc51802cb95e7224,Filosofia,2ª Série,1,47.5,0,0,2026-02-09
0,68c1b414dc51802cb95e7224,Filosofia,2ª Série,2,46.3,0,0,2026-02-09
0,68c1b414dc51802cb95e7224,Filosofia,2ª Série,3,45.1,0,0,2026-02-09
0,68c1b414dc51802cb95e7224,Filosofia,2ª Série,4,43.9,0,0,2026-02-09
0,68c1b414dc51802cb95e7224,Filosofia,2ª Série,5,42.6,0,0,2026-02-09
0,68c1b414dc51802cb95e7224,Filosofia,2ª Série,6,41.4,0,0,2026-02-09
0,68c1b414dc51802cb95e7224,Filosofia,2ª Série,7,40.2,0,0,2026-02-09
0,68c1b414dc51802cb95e7224,Filosofia,2ª Série,8,39.0,0,0,2026-02-09
0,68c1b414dc51802cb95e7224,Filosofia,2ª Série,9,37.8,0,0,2026-02-09
0,68c1b414dc51802cb95e7224,Filosofia,2ª Série,10,36.5,0,0,2026-02-09
0,68c1b414dc51802cb95e7224,Filosofia,2ª Série,11,35.3,0,0,2026-02-09
0,68c1b414dc51802cb95e7224,Filosofia,2ª Série,12,34.1,0,0,2026-02-09
0,6904b3d0970ad32653c84d00,Fundamentos da Cultura Maker,2ª Série,1,47.5,0,0,2026-02-09
0,6904b3d0970ad32653c84d00,Fundamentos da Cultura Maker,2ª Série,2,46.3,0,0,2026-02-09
0,6904b3d0970ad32653c84d00,Fundamentos da Cultura Maker,2ª Série,3,45.1,0,0,2026-02-09
0,6904b3d0970ad32653c84d00,Fundamentos da Cultura Maker,2ª Série,4,43.9,0,0,2026-02-09
0,6904b3d0970ad32653c84d00,Fundamentos da Cultura Maker,2ª Série,5,42.6,0,0,2026-02-09
0,6904b3d0970ad32653c84d00,Fundamentos da Cultura Maker,2ª Série,6,41.4,0,0,2026-02-09
0,6904b3d0970ad32653c84d00,Fundamentos da Cultura Maker,2ª Série,7,40.2,0,0,2026-02-09
0,6904b3d0970ad32653c84d00,Fundamentos da Cultura Maker,2ª Série,8,39.0,0,0,2026-02-09
0,6904b3d0970ad32653c84d00,Fundamentos da Cultura Maker,2ª Série,9,37.8,0,0,2026-02-09
0,6904b3d0970ad32653c84d00,Fundamentos da Cultura Maker,2ª Série,10,36.5,0,0,2026-02-09
0,6904b3d0970ad32653c84d00,Fundamentos da Cultura Maker,2ª Série,11,35.3,0,0,2026-02-09
0,6904b3d0970ad32653c84d00,Fundamentos da Cultura Maker,2ª Série,12,34.1,0,0,2026-02-09
0,68e64a0c40d7b11fcd057643,Física,2ª Série,1,47.5,0,0,2026-02-09
0,68e64a0c40d7b11fcd057643,Física,2ª Série,2,46.3,0,0,2026-02-09
0,68e64a0c40d7b11fcd057643,Física,2ª Série,3,45.1,0,0,2026-02-09
0,68e64a0c40d7b11fcd057643,Física,2ª Série,4,43.9,0,0,2026-02-09
0,68e64a0c40d7b11fcd057643,Física,2ª Série,5,42.6,0,0,2026-02-09
0,68e64a0c40d7b11fcd057643,Física,2ª Série,6,41.4,0,0,2026-02-09
0,68e64a0c40d7b11fcd057643,Física,2ª Série,7,40.2,0,0,2026-02-09
0,68e64a0c40d7b11fcd057643,Física,2ª Série,8,39.0,0,0,2026-02-09
0,68e64a0c40d7b11fcd057643,Física,2ª Série,9,37.8,0,0,2026-02-09
0,68e64a0c40d7b11fcd057643,Física,2ª Série,10,36.5,0,0,2026-02-09
0,68e64a0c40d7b11fcd057643,Física,2ª Série,11,35.3,0,0,2026-02-09
0,68e64a0c40d7b11fcd057643,Física,2ª Série,12,34.1,0,0,2026-02-09
0,68c1b413f370121fa541e33d,Física,2ª Série,1,47.5,0,0,2026-02-09
0,68c1b413f370121fa541e33d,Física,2ª Série,2,46.3,0,0,2026-02-09
0,68c1b413f370121fa541e33d,Física,2ª Série,3,45.1,0,0,2026-02-09
0,68c1b413f370121fa541e33d,Física,2ª Série,4,43.9,0,0,2026-02-09
0,68c1b413f370121fa541e33d,Física,2ª Série,5,42.6,0,0,2026-02-09
0,68c1b413f370121fa541e33d,Física,2ª Série,6,41.4,0,0,2026-02-09
0,68c1b413f370121fa541e33d,Física,2ª Série,7,40.2,0,0,2026-02-09
0,68c1b413f370121fa541e33d,Física,2ª Série,8,39.0,0,0,2026-02-09
0,68c1b413f370121fa541e33d,Física,2ª Série,9,37.8,0,0,2026-02-09
0,68c1b413f370121fa541e33d,Física,2ª Série,10,36.5,0,0,2026-02-09
0,68c1b413f370121fa541e33d,Física,2ª Série,11,35.3,0,0,2026-02-09
0,68c1b413f370121fa541e33d,Física,2ª Série,12,34.1,0,0,2026-02-09
0,68e64a0d40d7b11fcd05767f,Geografia,2ª Série,1,47.5,0,0,2026-02-09
0,68e64a0d40d7b11fcd05767f,Geografia,2ª Série,2,46.3,0,0,2026-02-09
0,68e64a0d40d7b11fcd05767f,Geografia,2ª Série,3,45.1,0,0,2026-02-09
0,68e64a0d40d7b11fcd05767f,Geografia,2ª Série,4,43.9,0,0,2026-02-09
0,68e64a0d40d7b11fcd05767f,Geografia,2ª Série,5,42.6,0,0,2026-02-09
0,68e64a0d40d7b11fcd05767f,Geografia,2ª Série,6,41.4,0,0,2026-02-09
0,68e64a0d40d7b11fcd05767f,Geografia,2ª Série,7,40.2,0,0,2026-02-09
0,68e64a0d40d7b11fcd05767f,Geografia,2ª Série,8,39.0,0,0,2026-02-09
0,68e64a0d40d7b11fcd05767f,Geografia,2ª Série,9,37.8,0,0,2026-02-09
0,68e64a0d40d7b11fcd05767f,Geografia,2ª Série,10,36.5,0,0,2026-02-09
0,68e64a0d40d7b11fcd05767f,Geografia,2ª Série,11,35.3,0,0,2026-02-09
0,68e64a0d40d7b11fcd05767f,Geografia,2ª Série,12,34.1,0,0,2026-02-09
0,68c1b414f370121fa541e366,Geografia,2ª Série,1,47.5,0,0,2026-02-09
0,68c1b414f370121fa541e366,Geografia,2ª Série,2,46.3,0,0,2026-02-09
0,68c1b414f370121fa541e366,Geografia,2ª Série,3,45.1,0,0,2026-02-09
0,68c1b414f370121fa541e366,Geografia,2ª Série,4,43.9,0,0,2026-02-09
0,68c1b414f370121fa541e366,Geografia,2ª Série,5,42.6,0,0,2026-02-09
0,68c1b414f370121fa541e366,Geografia,2ª Série,6,41.4,0,0,2026-02-09
0,68c1b414f370121fa541e366,Geografia,2ª Série,7,40.2,0,0,2026-02-09
0,68c1b414f370121fa541e366,Geografia,2ª Série,8,39.0,0,0,2026-02-09
0,68c1b414f370121fa541e366,Geografia,2ª Série,9,37.8,0,0,2026-02-09
0,68c1b414f370121fa541e366,Geografia,2ª Série,10,36.5,0,0,2026-02-09
0,68c1b414f370121fa541e366,Geografia,2ª Série,11,35.3,0,0,2026-02-09
0,68c1b414f370121fa541e366,Geografia,2ª Série,12,34.1,0,0,2026-02-09
0,6904b3eb985278187726af3e,Gestão dos pensamentos e das emoções,2ª Série,1,47.5,0,0,2026-02-09
0,6904b3eb985278187726af3e,Gestão dos pensamentos e das emoções,2ª Série,2,46.3,0,0,2026-02-09
0,6904b3eb985278187726af3e,Gestão dos pensamentos e das emoções,2ª Série,3,45.1,0,0,2026-02-09
0,6904b3eb985278187726af3e,Gestão dos pensamentos e das emoções,2ª Série,4,43.9,0,0,2026-02-09
0,6904b3eb985278187726af3e,Gestão dos pensamentos e das emoções,2ª Série,5,42.6,0,0,2026-02-09
0,6904b3eb985278187726af3e,Gestão dos pensamentos e das emoções,2ª Série,6,41.4,0,0,2026-02-09
0,6904b3eb985278187726af3e,Gestão dos pensamentos e das emoções,2ª Série,7,40.2,0,0,2026-02-09
0,6904b3eb985278187726af3e,Gestão dos pensamentos e das emoções,2ª Série,8,39.0,0,0,2026-02-09
0,6904b3eb985278187726af3e,Gestão dos pensamentos e das emoções,2ª Série,9,37.8,0,0,2026-02-09
0,6904b3eb985278187726af3e,Gestão dos pensamentos e das emoções,2ª Série,10,36.5,0,0,2026-02-09
0,6904b3eb985278187726af3e,Gestão dos pensamentos e das emoções,2ª Série,11,35.3,0,0,2026-02-09
0,6904b3eb985278187726af3e,Gestão dos pensamentos e das emoções,2ª Série,12,34.1,0,0,2026-02-09
0,68c1b414232cab0181339cd9,História,2ª Série,1,47.5,0,0,2026-02-09
0,68c1b414232cab0181339cd9,História,2ª Série,2,46.3,0,0,2026-02-09
0,68c1b414232cab0181339cd9,História,2ª Série,3,45.1,0,0,2026-02-09
0,68c1b414232cab0181339cd9,História,2ª Série,4,43.9,0,0,2026-02-09
0,68c1b414232cab0181339cd9,História,2ª Série,5,42.6,0,0,2026-02-09
0,68c1b414232cab0181339cd9,História,2ª Série,6,41.4,0,0,2026-02-09
0,68c1b414232cab0181339cd9,História,2ª Série,7,40.2,0,0,2026-02-09
0,68c1b414232cab0181339cd9,História,2ª Série,8,39.0,0,0,2026-02-09
0,68c1b414232cab0181339cd9,História,2ª Série,9,37.8,0,0,2026-02-09
0,68c1b414232cab0181339cd9,História,2ª Série,10,36.5,0,0,2026-02-09
0,68c1b414232cab0181339cd9,História,2ª Série,11,35.3,0,0,2026-02-09
0,68c1b414232cab0181339cd9,História,2ª Série,12,34.1,0,0,2026-02-09
0,68e64a0c6c4baa3baa784976,História,2ª Série,1,47.5,0,0,2026-02-09
0,68e64a0c6c4baa3baa784976,História,2ª Série,2,46.3,0,0,2026-02-09
0,68e64a0c6c4baa3baa784976,História,2ª Série,3,45.1,0,0,2026-02-09
0,68e64a0c6c4baa3baa784976,História,2ª Série,4,43.9,0,0,2026-02-09
0,68e64a0c6c4baa3baa784976,História,2ª Série,5,42.6,0,0,2026-02-09
0,68e64a0c6c4baa3baa784976,História,2ª Série,6,41.4,0,0,2026-02-09
0,68e64a0c6c4baa3baa784976,História,2ª Série,7,40.2,0,0,2026-02-09
0,68e64a0c6c4baa3baa784976,História,2ª Série,8,39.0,0,0,2026-02-09
0,68e64a0c6c4baa3baa784976,História,2ª Série,9,37.8,0,0,2026-02-09
0,68e64a0c6c4baa3baa784976,História,2ª Série,10,36.5,0,0,2026-02-09
0,68e64a0c6c4baa3baa784976,História,2ª Série,11,35.3,0,0,2026-02-09
0,68e64a0c6c4baa3baa784976,História,2ª Série,12,34.1,0,0,2026-02-09
0,68e64a0c6c4baa3baa7848d6,Leitura e produção de textos,2ª Série,1,47.5,0,0,2026-02-09
0,68e64a0c6c4baa3baa7848d6,Leitura e produção de textos,2ª Série,2,46.3,0,0,2026-02-09
0,68e64a0c6c4baa3baa7848d6,Leitura e produção de textos,2ª Série,3,45.1,0,0,2026-02-09
0,68e64a0c6c4baa3baa7848d6,Leitura e produção de textos,2ª Série,4,43.9,0,0,2026-02-09
0,68e64a0c6c4baa3baa7848d6,Leitura e produção de textos,2ª Série,5,42.6,0,0,2026-02-09
0,68e64a0c6c4baa3baa7848d6,Leitura e produção de textos,2ª Série,6,41.4,0,0,2026-02-09
0,68e64a0c6c4baa3baa7848d6,Leitura e produção de textos,2ª Série,7,40.2,0,0,2026-02-09
0,68e64a0c6c4baa3baa7848d6,Leitura e produção de textos,2ª Série,8,39.0,0,0,2026-02-09
0,68e64a0c6c4baa3baa7848d6,Leitura e produção de textos,2ª Série,9,37.8,0,0,2026-02-09
0,68e64a0c6c4baa3baa7848d6,Leitura e produção de textos,2ª Série,10,36.5,0,0,2026-02-09
0,68e64a0c6c4baa3baa7848d6,Leitura e produção de textos,2ª Série,11,35.3,0,0,2026-02-09
0,68e64a0c6c4baa3baa7848d6,Leitura e produção de textos,2ª Série,12,34.1,0,0,2026-02-09
0,68e64a0cea8d6e16559ed592,Literatura,2ª Série,1,47.5,0,0,2026-02-09
0,68e64a0cea8d6e16559ed592,Literatura,2ª Série,2,46.3,0,0,2026-02-09
0,68e64a0cea8d6e16559ed592,Literatura,2ª Série,3,45.1,0,0,2026-02-09
0,68e64a0cea8d6e16559ed592,Literatura,2ª Série,4,43.9,0,0,2026-02-09
0,68e64a0cea8d6e16559ed592,Literatura,2ª Série,5,42.6,0,0,2026-02-09
0,68e64a0cea8d6e16559ed592,Literatura,2ª Série,6,41.4,0,0,2026-02-09
0,68e64a0cea8d6e16559ed592,Literatura,2ª Série,7,40.2,0,0,2026-02-09
0,68e64a0cea8d6e16559ed592,Literatura,2ª Série,8,39.0,0,0,2026-02-09
0,68e64a0cea8d6e16559ed592,Literatura,2ª Série,9,37.8,0,0,2026-02-09
0,68e64a0cea8d6e16559ed592,Literatura,2ª Série,10,36.5,0,0,2026-02-09
0,68e64a0cea8d6e16559ed592,Literatura,2ª Série,11,35.3,0,0,2026-02-09
0,68e64a0cea8d6e16559ed592,Literatura,2ª Série,12,34.1,0,0,2026-02-09
0,68e64a0d6c4baa3baa784999,Arte,3ª Série,1,47.5,0,0,2026-02-09
0,68e64a0d6c4baa3baa784999,Arte,3ª Série,2,46.3,0,0,2026-02-09
0,68e64a0d6c4baa3baa784999,Arte,3ª Série,3,45.1,0,0,2026-02-09
0,68e64a0d6c4baa3baa784999,Arte,3ª Série,4,43.9,0,0,2026-02-09
0,68e64a0d6c4baa3baa784999,Arte,3ª Série,5,42.6,0,0,2026-02-09
0,68e64a0d6c4baa3baa784999,Arte,3ª Série,6,41.4,0,0,2026-02-09
0,68e64a0d6c4baa3baa784999,Arte,3ª Série,7,40.2,0,0,2026-02-09
0,68e64a0d6c4baa3baa784999,Arte,3ª Série,8,39.0,0,0,2026-02-09
0,68e64a0d6c4baa3baa784999,Arte,3ª Série,9,37.8,0,0,2026-02-09
0,68e64a0d6c4baa3baa784999,Arte,3ª Série,10,36.5,0,0,2026-02-09
0,68e64a0d6c4baa3baa784999,Arte,3ª Série,11,35.3,0,0,2026-02-09
0,68e64a0d6c4baa3baa784999,Arte,3ª Série,12,34.1,0,0,2026-02-09
0,68e64a0d6c4baa3baa784a56,Biologia,3ª Série,1,47.5,0,0,2026-02-09
0,68e64a0d6c4baa3baa784a56,Biologia,3ª Série,2,46.3,0,0,2026-02-09
0,68e64a0d6c4baa3baa784a56,Biologia,3ª Série,3,45.1,0,0,2026-02-09
0,68e64a0d6c4baa3baa784a56,Biologia,3ª Série,4,43.9,0,0,2026-02-09
0,68e64a0d6c4baa3baa784a56,Biologia,3ª Série,5,42.6,0,0,2026-02-09
0,68e64a0d6c4baa3baa784a56,Biologia,3ª Série,6,41.4,0,0,2026-02-09
0,68e64a0d6c4baa3baa784a56,Biologia,3ª Série,7,40.2,0,0,2026-02-09
0,68e64a0d6c4baa3baa784a56,Biologia,3ª Série,8,39.0,0,0,2026-02-09
0,68e64a0d6c4baa3baa784a56,Biologia,3ª Série,9,37.8,0,0,2026-02-09
0,68e64a0d6c4baa3baa784a56,Biologia,3ª Série,10,36.5,0,0,2026-02-09
0,68e64a0d6c4baa3baa784a56,Biologia,3ª Série,11,35.3,0,0,2026-02-09
0,68e64a0d6c4baa3baa784a56,Biologia,3ª Série,12,34.1,0,0,2026-02-09
0,68e64a0d6c4baa3baa784a61,Filosofia,3ª Série,1,47.5,0,0,2026-02-09
0,68e64a0d6c4baa3baa784a61,Filosofia,3ª Série,2,46.3,0,0,2026-02-09
0,68e64a0d6c4baa3baa784a61,Filosofia,3ª Série,3,45.1,0,0,2026-02-09
0,68e64a0d6c4baa3baa784a61,Filosofia,3ª Série,4,43.9,0,0,2026-02-09
0,68e64a0d6c4baa3baa784a61,Filosofia,3ª Série,5,42.6,0,0,2026-02-09
0,68e64a0d6c4baa3baa784a61,Filosofia,3ª Série,6,41.4,0,0,2026-02-09
0,68e64a0d6c4baa3baa784a61,Filosofia,3ª Série,7,40.2,0,0,2026-02-09
0,68e64a0d6c4baa3baa784a61,Filosofia,3ª Série,8,39.0,0,0,2026-02-09
0,68e64a0d6c4baa3baa784a61,Filosofia,3ª Série,9,37.8,0,0,2026-02-09
0,68e64a0d6c4baa3baa784a61,Filosofia,3ª Série,10,36.5,0,0,2026-02-09
0,68e64a0d6c4baa3baa784a61,Filosofia,3ª Série,11,35.3,0,0,2026-02-09
0,68e64a0d6c4baa3baa784a61,Filosofia,3ª Série,12,34.1,0,0,2026-02-09
0,68e64a0dea8d6e16559ed6c6,Física,3ª Série,1,47.5,0,0,2026-02-09
0,68e64a0dea8d6e16559ed6c6,Física,3ª Série,2,46.3,0,0,2026-02-09
0,68e64a0dea8d6e16559ed6c6,Física,3ª Série,3,45.1,0,0,2026-02-09
0,68e64a0dea8d6e16559ed6c6,Física,3ª Série,4,43.9,0,0,2026-02-09
0,68e64a0dea8d6e16559ed6c6,Física,3ª Série,5,42.6,0,0,2026-02-09
0,68e64a0dea8d6e16559ed6c6,Física,3ª Série,6,41.4,0,0,2026-02-09
0,68e64a0dea8d6e16559ed6c6,Física,3ª Série,7,40.2,0,0,2026-02-09
0,68e64a0dea8d6e16559ed6c6,Física,3ª Série,8,39.0,0,0,2026-02-09
0,68e64a0dea8d6e16559ed6c6,Física,3ª Série,9,37.8,0,0,2026-02-09
0,68e64a0dea8d6e16559ed6c6,Física,3ª Série,10,36.5,0,0,2026-02-09
0,68e64a0dea8d6e16559ed6c6,Física,3ª Série,11,35.3,0,0,2026-02-09
0,68e64a0dea8d6e16559ed6c6,Física,3ª Série,12,34.1,0,0,2026-02-09
0,68e64a0dea8d6e16559ed702,Geografia,3ª Série,1,47.5,0,0,2026-02-09
0,68e64a0dea8d6e16559ed702,Geografia,3ª Série,2,46.3,0,0,2026-02-09
0,68e64a0dea8d6e16559ed702,Geografia,3ª Série,3,45.1,0,0,2026-02-09
0,68e64a0dea8d6e16559ed702,Geografia,3ª Série,4,43.9,0,0,2026-02-09
0,68e64a0dea8d6e16559ed702,Geografia,3ª Série,5,42.6,0,0,2026-02-09
0,68e64a0dea8d6e16559ed702,Geografia,3ª Série,6,41.4,0,0,2026-02-09
0,68e64a0dea8d6e16559ed702,Geografia,3ª Série,7,40.2,0,0,2026-02-09
0,68e64a0dea8d6e16559ed702,Geografia,3ª Série,8,39.0,0,0,2026-02-09
0,68e64a0dea8d6e16559ed702,Geografia,3ª Série,9,37.8,0,0,2026-02-09
0,68e64a0dea8d6e16559ed702,Geografia,3ª Série,10,36.5,0,0,2026-02-09
0,68e64a0dea8d6e16559ed702,Geografia,3ª Série,11,35.3,0,0,2026-02-09
0,68e64a0dea8d6e16559ed702,Geografia,3ª Série,12,34.1,0,0,2026-02-09
0,68e64a0d40d7b11fcd057747,História,3ª Série,1,47.5,0,0,2026-02-09
0,68e64a0d40d7b11fcd057747,História,3ª Série,2,46.3,0,0,2026-02-09
0,68e64a0d40d7b11fcd057747,História,3ª Série,3,45.1,0,0,2026-02-09
0,68e64a0d40d7b11fcd057747,História,3ª Série,4,43.9,0,0,2026-02-09
0,68e64a0d40d7b11fcd057747,História,3ª Série,5,42.6,0,0,2026-02-09
0,68e64a0d40d7b11fcd057747,História,3ª Série,6,41.4,0,0,2026-02-09
0,68e64a0d40d7b11fcd057747,História,3ª Série,7,40.2,0,0,2026-02-09
0,68e64a0d40d7b11fcd057747,História,3ª Série,8,39.0,0,0,2026-02-09
0,68e64a0d40d7b11fcd057747,História,3ª Série,9,37.8,0,0,2026-02-09
0,68e64a0d40d7b11fcd057747,História,3ª Série,10,36.5,0,0,2026-02-09
0,68e64a0d40d7b11fcd057747,História,3ª Série,11,35.3,0,0,2026-02-09
0,68e64a0d40d7b11fcd057747,História,3ª Série,12,34.1,0,0,2026-02-09
0,68e64a0d40d7b11fcd0576a7,Leitura e produção de textos,3ª Série,1,47.5,0,0,2026-02-09
0,68e64a0d40d7b11fcd0576a7,Leitura e produção de textos,3ª Série,2,46.3,0,0,2026-02-09
0,68e64a0d40d7b11fcd0576a7,Leitura e produção de textos,3ª Série,3,45.1,0,0,2026-02-09
0,68e64a0d40d7b11fcd0576a7,Leitura e produção de textos,3ª Série,4,43.9,0,0,2026-02-09
0,68e64a0d40d7b11fcd0576a7,Leitura e produção de textos,3ª Série,5,42.6,0,0,2026-02-09
0,68e64a0d40d7b11fcd0576a7,Leitura e produção de textos,3ª Série,6,41.4,0,0,2026-02-09
0,68e64a0d40d7b11fcd0576a7,Leitura e produção de textos,3ª Série,7,40.2,0,0,2026-02-09
0,68e64a0d40d7b11fcd0576a7,Leitura e produção de textos,3ª Série,8,39.0,0,0,2026-02-09
0,68e64a0d40d7b11fcd0576a7,Leitura e produção de textos,3ª Série,9,37.8,0,0,2026-02-09
0,68e64a0d40d7b11fcd0576a7,Leitura e produção de textos,3ª Série,10,36.5,0,0,2026-02-09
0,68e64a0d40d7b11fcd0576a7,Leitura e produção de textos,3ª Série,11,35.3,0,0,2026-02-09
0,68e64a0d40d7b11fcd0576a7,Leitura e produção de textos,3ª Série,12,34.1,0,0,2026-02-09
0,68e64a0d6c4baa3baa7849ba,Literatura,3ª Série,1,47.5,0,0,2026-02-09
0,68e64a0d6c4baa3baa7849ba,Literatura,3ª Série,2,46.3,0,0,2026-02-09
0,68e64a0d6c4baa3baa7849ba,Literatura,3ª Série,3,45.1,0,0,2026-02-09
0,68e64a0d6c4baa3baa7849ba,Literatura,3ª Série,4,43.9,0,0,2026-02-09
0,68e64a0d6c4baa3baa7849ba,Literatura,3ª Série,5,42.6,0,0,2026-02-09
0,68e64a0d6c4baa3baa7849ba,Literatura,3ª Série,6,41.4,0,0,2026-02-09
0,68e64a0d6c4baa3baa7849ba,Literatura,3ª Série,7,40.2,0,0,2026-02-09
0,68e64a0d6c4baa3baa7849ba,Literatura,3ª Série,8,39.0,0,0,2026-02-09
0,68e64a0d6c4baa3baa7849ba,Literatura,3ª Série,9,37.8,0,0,2026-02-09
0,68e64a0d6c4baa3baa7849ba,Literatura,3ª Série,10,36.5,0,0,2026-02-09
0,68e64a0d6c4baa3baa7849ba,Literatura,3ª Série,11,35.3,0,0,2026-02-09
0,68e64a0d6c4baa3baa7849ba,Literatura,3ª Série,12,34.1,0,0,2026-02-09
0,68e64a0d40d7b11fcd0576c6,Língua Espanhola,3ª Série,1,47.5,0,0,2026-02-09
0,68e64a0d40d7b11fcd0576c6,Língua Espanhola,3ª Série,2,46.3,0,0,2026-02-09
0,68e64a0d40d7b11fcd0576c6,Língua Espanhola,3ª Série,3,45.1,0,0,2026-02-09
0,68e64a0d40d7b11fcd0576c6,Língua Espanhola,3ª Série,4,43.9,0,0,2026-02-09
0,68e64a0d40d7b11fcd0576c6,Língua Espanhola,3ª Série,5,42.6,0,0,2026-02-09
0,68e64a0d40d7b11fcd0576c6,Língua Espanhola,3ª Série,6,41.4,0,0,2026-02-09
0,68e64a0d40d7b11fcd0576c6,Língua Espanhola,3ª Série,7,40.2,0,0,2026-02-09
0,68e64a0d40d7b11fcd0576c6,Língua Espanhola,3ª Série,8,39.0,0,0,2026-02-09
0,68e64a0d40d7b11fcd0576c6,Língua Espanhola,3ª Série,9,37.8,0,0,2026-02-09
0,68e64a0d40d7b11fcd0576c6,Língua Espanhola,3ª Série,10,36.5,0,0,2026-02-09
0,68e64a0d40d7b11fcd0576c6,Língua Espanhola,3ª Série,11,35.3,0,0,2026-02-09
0,68e64a0d40d7b11fcd0576c6,Língua Espanhola,3ª Série,12,34.1,0,0,2026-02-09
0,68e64a0dea8d6e16559ed681,Língua Estrangeira Inglês,3ª Série,1,47.5,0,0,2026-02-09
0,68e64a0dea8d6e16559ed681,Língua Estrangeira Inglês,3ª Série,2,46.3,0,0,2026-02-09
0,68e64a0dea8d6e16559ed681,Língua Estrangeira Inglês,3ª Série,3,45.1,0,0,2026-02-09
0,68e64a0dea8d6e16559ed681,Língua Estrangeira Inglês,3ª Série,4,43.9,0,0,2026-02-09
0,68e64a0dea8d6e16559ed681,Língua Estrangeira Inglês,3ª Série,5,42.6,0,0,2026-02-09
0,68e64a0dea8d6e16559ed681,Língua Estrangeira Inglês,3ª Série,6,41.4,0,0,2026-02-09
0,68e64a0dea8d6e16559ed681,Língua Estrangeira Inglês,3ª Série,7,40.2,0,0,2026-02-09
0,68e64a0dea8d6e16559ed681,Língua Estrangeira Inglês,3ª Série,8,39.0,0,0,2026-02-09
0,68e64a0dea8d6e16559ed681,Língua Estrangeira Inglês,3ª Série,9,37.8,0,0,2026-02-09
0,68e64a0dea8d6e16559ed681,Língua Estrangeira Inglês,3ª Série,10,36.5,0,0,2026-02-09
0,68e64a0dea8d6e16559ed681,Língua Estrangeira Inglês,3ª Série,11,35.3,0,0,2026-02-09
0,68e64a0dea8d6e16559ed681,Língua Estrangeira Inglês,3ª Série,12,34.1,0,0,2026-02-09
0,68e64a0dea8d6e16559ed65a,Língua Portuguesa,3ª Série,1,47.5,0,0,2026-02-09
0,68e64a0dea8d6e16559ed65a,Língua Portuguesa,3ª Série,2,46.3,0,0,2026-02-09
0,68e64a0dea8d6e16559ed65a,Língua Portuguesa,3ª Série,3,45.1,0,0,2026-02-09
0,68e64a0dea8d6e16559ed65a,Língua Portuguesa,3ª Série,4,43.9,0,0,2026-02-09
0,68e64a0dea8d6e16559ed65a,Língua Portuguesa,3ª Série,5,42.6,0,0,2026-02-09
0,68e64a0dea8d6e16559ed65a,Língua Portuguesa,3ª Série,6,41.4,0,0,2026-02-09
0,68e64a0dea8d6e16559ed65a,Língua Portuguesa,3ª Série,7,40.2,0,0,2026-02-09
0,68e64a0dea8d6e16559ed65a,Língua Portuguesa,3ª Série,8,39.0,0,0,2026-02-09
0,68e64a0dea8d6e16559ed65a,Língua Portuguesa,3ª Série,9,37.8,0,0,2026-02-09
0,68e64a0dea8d6e16559ed65a,Língua Portuguesa,3ª Série,10,36.5,0,0,2026-02-09
0,68e64a0dea8d6e16559ed65a,Língua Portuguesa,3ª Série,11,35.3,0,0,2026-02-09
0,68e64a0dea8d6e16559ed65a,Língua Portuguesa,3ª Série,12,34.1,0,0,2026-02-09
0,68e64a0d6c4baa3baa784a0f,Matemática,3ª Série,1,47.5,0,0,2026-02-09
0,68e64a0d6c4baa3baa784a0f,Matemática,3ª Série,2,46.3,0,0,2026-02-09
0,68e64a0d6c4baa3baa784a0f,Matemática,3ª Série,3,45.1,0,0,2026-02-09
0,68e64a0d6c4baa3baa784a0f,Matemática,3ª Série,4,43.9,0,0,2026-02-09
0,68e64a0d6c4baa3baa784a0f,Matemática,3ª Série,5,42.6,0,0,2026-02-09
0,68e64a0d6c4baa3baa784a0f,Matemática,3ª Série,6,41.4,0,0,2026-02-09
0,68e64a0d6c4baa3baa784a0f,Matemática,3ª Série,7,40.2,0,0,2026-02-09
0,68e64a0d6c4baa3baa784a0f,Matemática,3ª Série,8,39.0,0,0,2026-02-09
0,68e64a0d6c4baa3baa784a0f,Matemática,3ª Série,9,37.8,0,0,2026-02-09
0,68e64a0d6c4baa3baa784a0f,Matemática,3ª Série,10,36.5,0,0,2026-02-09
0,68e64a0d6c4baa3baa784a0f,Matemática,3ª Série,11,35.3,0,0,2026-02-09
0,68e64a0d6c4baa3baa784a0f,Matemática,3ª Série,12,34.1,0,0,2026-02-09
0,68e64a0d40d7b11fcd05770b,Química,3ª Série,1,47.5,0,0,2026-02-09
0,68e64a0d40d7b11fcd05770b,Química,3ª Série,2,46.3,0,0,2026-02-09
0,68e64a0d40d7b11fcd05770b,Química,3ª Série,3,45.1,0,0,2026-02-09
0,68e64a0d40d7b11fcd05770b,Química,3ª Série,4,43.9,0,0,2026-02-09
0,68e64a0d40d7b11fcd05770b,Química,3ª Série,5,42.6,0,0,2026-02-09
0,68e64a0d40d7b11fcd05770b,Química,3ª Série,6,41.4,0,0,2026-02-09
0,68e64a0d40d7b11fcd05770b,Química,3ª Série,7,40.2,0,0,2026-02-09
0,68e64a0d40d7b11fcd05770b,Química,3ª Série,8,39.0,0,0,2026-02-09
0,68e64a0d40d7b11fcd05770b,Química,3ª Série,9,37.8,0,0,2026-02-09
0,68e64a0d40d7b11fcd05770b,Química,3ª Série,10,36.5,0,0,2026-02-09
0,68e64a0d40d7b11fcd05770b,Química,3ª Série,11,35.3,0,0,2026-02-09
0,68e64a0d40d7b11fcd05770b,Química,3ª Série,12,34.1,0,0,2026-02-09
0,68e64a0dea8d6e16559ed711,Sociologia,3ª Série,1,47.5,0,0,2026-02-09
0,68e64a0dea8d6e16559ed711,Sociologia,3ª Série,2,46.3,0,0,2026-02-09
0,68e64a0dea8d6e16559ed711,Sociologia,3ª Série,3,45.1,0,0,2026-02-09
0,68e64a0dea8d6e16559ed711,Sociologia,3ª Série,4,43.9,0,0,2026-02-09
0,68e64a0dea8d6e16559ed711,Sociologia,3ª Série,5,42.6,0,0,2026-02-09
0,68e64a0dea8d6e16559ed711,Sociologia,3ª Série,6,41.4,0,0,2026-02-09
0,68e64a0dea8d6e16559ed711,Sociologia,3ª Série,7,40.2,0,0,2026-02-09
0,68e64a0dea8d6e16559ed711,Sociologia,3ª Série,8,39.0,0,0,2026-02-09
0,68e64a0dea8d6e16559ed711,Sociologia,3ª Série,9,37.8,0,0,2026-02-09
0,68e64a0dea8d6e16559ed711,Sociologia,3ª Série,10,36.5,0,0,2026-02-09
0,68e64a0dea8d6e16559ed711,Sociologia,3ª Série,11,35.3,0,0,2026-02-09
0,68e64a0dea8d6e16559ed711,Sociologia,3ª Série,12,34.1,0,0,2026-02-09
